1 Apresentar-se;der Name, die Namen;o nome;https://radiodownloaddw-a.akamaihd.net/Events/dwelle/deutschkurse/deutschtrainer/wortschatz/Deutschtrainer-Name.mp3
1 Apresentar-se;der Vorname, die Vornamen;o nome;https://radiodownloaddw-a.akamaihd.net/Events/dwelle/deutschkurse/deutschtrainer/wortschatz/Deutschtrainer-Vorname.mp3
1 Apresentar-se;der Nachname, die Nachnamen;o sobrenome;https://radiodownloaddw-a.akamaihd.net/Events/dwelle/deutschkurse/deutschtrainer/wortschatz/Deutschtrainer-Nachname.mp3
1 Apresentar-se;Wie ist dein Name?;Qual é o seu nome?;https://radiodownloaddw-a.akamaihd.net/Events/dwelle/deutschkurse/deutschtrainer/wortschatz/Deutschtrainer-Wie-ist-dein-Name.mp3
1 Apresentar-se;Wie ist Ihr Name?;Qual é o nome do(a) senhor(a)?;https://radiodownloaddw-a.akamaihd.net/Events/dwelle/deutschkurse/deutschtrainer/wortschatz/Deutschtrainer-Wie-ist-Ihr-Name.mp3
1 Apresentar-se;Mein Name ist Philipp.;Meu nome é Philipp.;https://radiodownloaddw-a.akamaihd.net/Events/dwelle/deutschkurse/deutschtrainer/wortschatz/Deutschtrainer-Mein-Name-ist-Philipp.mp3
1 Apresentar-se;Wie heißen Sie?;Como o(a) senhor(a) se chama?;https://radiodownloaddw-a.akamaihd.net/Events/dwelle/deutschkurse/deutschtrainer/wortschatz/Deutschtrainer-Wie-heissen-Sie.mp3
1 Apresentar-se;Wie heißt du?;Como você se chama?;https://radiodownloaddw-a.akamaihd.net/Events/dwelle/deutschkurse/deutschtrainer/wortschatz/Deutschtrainer-Wie-heisst-du.mp3
1 Apresentar-se;Ich heiße Franziska.;Eu me chamo Franziska.;https://radiodownloaddw-a.akamaihd.net/Events/dwelle/deutschkurse/deutschtrainer/wortschatz/Deutschtrainer-Ich-heisse-Franziska.mp3
1 Apresentar-se;Wie ist dein Nachname?;Qual é o seu sobrenome?;https://radiodownloaddw-a.akamaihd.net/Events/dwelle/deutschkurse/deutschtrainer/wortschatz/Deutschtrainer-Wie-ist-dein-Nachname.mp3
1 Apresentar-se;Wie ist Ihr Nachname?;Qual é o sobrenome do(a) senhor(a)?;https://radiodownloaddw-a.akamaihd.net/Events/dwelle/deutschkurse/deutschtrainer/wortschatz/Deutschtrainer-Wie-ist-Ihr-Nachname.mp3
1 Apresentar-se;Mein Nachname ist Neumann.;Meu sobrenome é Neumann.;https://radiodownloaddw-a.akamaihd.net/Events/dwelle/deutschkurse/deutschtrainer/wortschatz/Deutschtrainer-Mein-Nachname-ist-Neumann.mp3
1 Apresentar-se;Wer sind Sie?;Quem é o(a) senhor(a)?;https://radiodownloaddw-a.akamaihd.net/Events/dwelle/deutschkurse/deutschtrainer/wortschatz/Deutschtrainer-Wer-sind-Sie.mp3
1 Apresentar-se;Wer bist du?;Quem é você?;https://radiodownloaddw-a.akamaihd.net/Events/dwelle/deutschkurse/deutschtrainer/wortschatz/Deutschtrainer-Wer-bist-du-1.mp3
1 Apresentar-se;Ich bin Franziska.;Eu sou a Franziska.;https://radiodownloaddw-a.akamaihd.net/Events/dwelle/deutschkurse/deutschtrainer/wortschatz/Deutschtrainer-Ich-bin-Franziska.mp32 Conversando;Ja.;Sim.;https://radiodownloaddw-a.akamaihd.net/Events/dwelle/deutschkurse/deutschtrainer/wortschatz/Deutschtrainer-ja.mp3
2 Conversando;Nein.;Não.;https://radiodownloaddw-a.akamaihd.net/Events/dwelle/deutschkurse/deutschtrainer/wortschatz/Deutschtrainer-nein.mp3
2 Conversando;Okay.;O.k.;https://radiodownloaddw-a.akamaihd.net/Events/dwelle/deutschkurse/deutschtrainer/wortschatz/Deutschtrainer-okay-1.mp3
2 Conversando;Entschuldigung!;Desculpe!;https://radiodownloaddw-a.akamaihd.net/Events/dwelle/deutschkurse/deutschtrainer/wortschatz/Deutschtrainer-Entschuldigung.mp3
2 Conversando;Danke.;Obrigada(o).;https://radiodownloaddw-a.akamaihd.net/Events/dwelle/deutschkurse/deutschtrainer/wortschatz/Deutschtrainer-danke.mp3
2 Conversando;Vielen Dank.;Muito obrigada(o).;https://radiodownloaddw-a.akamaihd.net/Events/dwelle/deutschkurse/deutschtrainer/wortschatz/Deutschtrainer-vielen-Dank-1.mp3
2 Conversando;Bitte.;De nada.;https://radiodownloaddw-a.akamaihd.net/Events/dwelle/deutschkurse/deutschtrainer/wortschatz/Deutschtrainer-bitte.mp3
2 Conversando;Gerne.;Com prazer.;https://radiodownloaddw-a.akamaihd.net/Events/dwelle/deutschkurse/deutschtrainer/wortschatz/Deutschtrainer-gerne.mp3
2 Conversando;Gern geschehen.;Foi um prazer.;https://radiodownloaddw-a.akamaihd.net/Events/dwelle/deutschkurse/deutschtrainer/wortschatz/Deutschtrainer-gern-geschehen.mp3
2 Conversando;Kein Problem.;Não tem problema.;https://radiodownloaddw-a.akamaihd.net/Events/dwelle/deutschkurse/deutschtrainer/wortschatz/Deutschtrainer-Kein-Problem.mp3
2 Conversando;Das macht nichts!;Não faz mal!;https://radiodownloaddw-a.akamaihd.net/Events/dwelle/deutschkurse/deutschtrainer/wortschatz/Deutschtrainer-Das-macht-nichts-1.mp3
2 Conversando;Herzlichen Glückwunsch!;Parabéns!;https://radiodownloaddw-a.akamaihd.net/Events/dwelle/deutschkurse/deutschtrainer/wortschatz/Deutschtrainer-Herzlichen-Glueckwunsch-1.mp3
2 Conversando;Viel Glück!;Boa sorte!;https://radiodownloaddw-a.akamaihd.net/Events/dwelle/deutschkurse/deutschtrainer/wortschatz/Deutschtrainer-viel-Glueck.mp3
2 Conversando;Ich freue mich!;Fico feliz por isso.;https://radiodownloaddw-a.akamaihd.net/Events/dwelle/deutschkurse/deutschtrainer/wortschatz/Deutschtrainer-Ich-freue-mich-1.mp3
2 Conversando;Das ist toll!;Que ótimo!/Que maravilha!;https://radiodownloaddw-a.akamaihd.net/Events/dwelle/deutschkurse/deutschtrainer/wortschatz/Deutschtrainer-Das-ist-toll.mp3
2 Conversando;Achtung!;Atenção!;https://radiodownloaddw-a.akamaihd.net/Events/dwelle/deutschkurse/deutschtrainer/wortschatz/Deutschtrainer-Achtung.mp3
2 Conversando;Auf keinen Fall!;De jeito nenhum!;https://radiodownloaddw-a.akamaihd.net/Events/dwelle/deutschkurse/deutschtrainer/wortschatz/Deutschtrainer-auf-keinen-Fall.mp3
2 Conversando;Das geht leider nicht.;Infelizmente isso não é possível.;https://radiodownloaddw-a.akamaihd.net/Events/dwelle/deutschkurse/deutschtrainer/wortschatz/Deutschtrainer-Das-geht-leider-nicht.mp33 Cumprimentar e se despedir;Hallo!;Olá!;https://radiodownloaddw-a.akamaihd.net/Events/dwelle/deutschkurse/deutschtrainer/wortschatz/Deutschtrainer-Hallo.mp3
3 Cumprimentar e se despedir;Hi!;Oi!;https://radiodownloaddw-a.akamaihd.net/Events/dwelle/deutschkurse/deutschtrainer/wortschatz/Deutschtrainer-Hi.mp3
3 Cumprimentar e se despedir;Guten Tag!;Bom dia!/Boa tarde!;https://radiodownloaddw-a.akamaihd.net/Events/dwelle/deutschkurse/deutschtrainer/wortschatz/Deutschtrainer-Guten-Tag.mp3
3 Cumprimentar e se despedir;Hallo, Herr Richter!;Olá, senhor Richter!;https://radiodownloaddw-a.akamaihd.net/Events/dwelle/deutschkurse/deutschtrainer/wortschatz/Deutschtrainer-Hallo-Herr-Richter.mp3
3 Cumprimentar e se despedir;Hallo, Anna!;Olá, Anna!;https://radiodownloaddw-a.akamaihd.net/Events/dwelle/deutschkurse/deutschtrainer/wortschatz/Deutschtrainer-Hallo-Anna.mp3
3 Cumprimentar e se despedir;Guten Morgen, Peter!;Bom dia, Peter!;https://radiodownloaddw-a.akamaihd.net/Events/dwelle/deutschkurse/deutschtrainer/wortschatz/Deutschtrainer-Guten-Morgen-Peter.mp3
3 Cumprimentar e se despedir;Guten Tag, Frau Steller!;Boa tarde, senhora Steller!;https://radiodownloaddw-a.akamaihd.net/Events/dwelle/deutschkurse/deutschtrainer/wortschatz/Deutschtrainer-Guten-Tag-Frau-Steller.mp3
3 Cumprimentar e se despedir;Guten Abend, Herr Richter!;Boa noite, senhor Richter!;https://radiodownloaddw-a.akamaihd.net/Events/dwelle/deutschkurse/deutschtrainer/wortschatz/Deutschtrainer-Guten-Abend-Herr-Richter.mp3
3 Cumprimentar e se despedir;Gute Nacht, Anna!;Boa noite, Anna!;https://radiodownloaddw-a.akamaihd.net/Events/dwelle/deutschkurse/deutschtrainer/wortschatz/Deutschtrainer-Gute-Nacht-Anna.mp3
3 Cumprimentar e se despedir;Bis morgen!;Até amanhã!;https://radiodownloaddw-a.akamaihd.net/Events/dwelle/deutschkurse/deutschtrainer/wortschatz/Deutschtrainer-Bis-morgen.mp3
3 Cumprimentar e se despedir;Auf Wiedersehen!;Até a próxima!/Adeus!;https://radiodownloaddw-a.akamaihd.net/Events/dwelle/deutschkurse/deutschtrainer/wortschatz/Deutschtrainer-Auf-Wiedersehen.mp3
3 Cumprimentar e se despedir;Bis bald!;Até logo!;https://radiodownloaddw-a.akamaihd.net/Events/dwelle/deutschkurse/deutschtrainer/wortschatz/Deutschtrainer-Bis-bald.mp3
3 Cumprimentar e se despedir;Tschüss!;Tchau!;https://radiodownloaddw-a.akamaihd.net/Events/dwelle/deutschkurse/deutschtrainer/wortschatz/Deutschtrainer-Tschuess.mp34 Como vai?;Wie geht es dir?;Como vai você?;https://radiodownloaddw-a.akamaihd.net/Events/dwelle/deutschkurse/deutschtrainer/wortschatz/Deutschtrainer-Wie-geht-es-dir-1.mp3
4 Como vai?;Wie geht es Ihnen?;Como vai o(a) senhor(a)?;https://radiodownloaddw-a.akamaihd.net/Events/dwelle/deutschkurse/deutschtrainer/wortschatz/Deutschtrainer-Wie-geht-es-Ihnen.mp3
4 Como vai?;Mir geht es gut, danke.;Estou bem, obrigado(a).;https://radiodownloaddw-a.akamaihd.net/Events/dwelle/deutschkurse/deutschtrainer/wortschatz/Deutschtrainer-Mir-geht-es-gut-danke.mp3
4 Como vai?;Mir geht es nicht so gut.;Não estou muito bem./Não vou muito bem.;https://radiodownloaddw-a.akamaihd.net/Events/dwelle/deutschkurse/deutschtrainer/wortschatz/Deutschtrainer-Mir-geht-es-nicht-so-gut.mp3
4 Como vai?;Mir geht es schlecht.;Estou mal.;https://radiodownloaddw-a.akamaihd.net/Events/dwelle/deutschkurse/deutschtrainer/wortschatz/Deutschtrainer-Mir-geht-es-schlecht.mp3
4 Como vai?;Ich bin glücklich.;Eu estou feliz.;https://radiodownloaddw-a.akamaihd.net/Events/dwelle/deutschkurse/deutschtrainer/wortschatz/Deutschtrainer-Ich-bin-gluecklich.mp3
4 Como vai?;Ich bin müde.;Eu estou cansado(a).;https://radiodownloaddw-a.akamaihd.net/Events/dwelle/deutschkurse/deutschtrainer/wortschatz/Deutschtrainer-Ich-bin-muede.mp3
4 Como vai?;Ich bin krank.;Eu estou doente.;https://radiodownloaddw-a.akamaihd.net/Events/dwelle/deutschkurse/deutschtrainer/wortschatz/Deutschtrainer-Ich-bin-krank-1.mp3
4 Como vai?;Ich bin erkältet.;Eu estou resfriado(a).;https://radiodownloaddw-a.akamaihd.net/Events/dwelle/deutschkurse/deutschtrainer/wortschatz/Deutschtrainer-Ich-bin-erkaeltet.mp3
4 Como vai?;Ich bin gestresst.;Eu estou estressado(a).;https://radiodownloaddw-a.akamaihd.net/Events/dwelle/deutschkurse/deutschtrainer/wortschatz/Deutschtrainer-Ich-bin-gestresst.mp3
4 Como vai?;Ich bin sauer.;Eu estou aborrecido(a).;https://radiodownloaddw-a.akamaihd.net/Events/dwelle/deutschkurse/deutschtrainer/wortschatz/Deutschtrainer-Ich-bin-sauer.mp3
4 Como vai?;Ich bin traurig.;Eu estou triste.;https://radiodownloaddw-a.akamaihd.net/Events/dwelle/deutschkurse/deutschtrainer/wortschatz/Deutschtrainer-Ich-bin-traurig-1.mp3
4 Como vai?;Ich brauche Hilfe.;Eu preciso de ajuda.;https://radiodownloaddw-a.akamaihd.net/Events/dwelle/deutschkurse/deutschtrainer/wortschatz/Deutschtrainer-Ich-brauche-Hilfe.mp35 De onde você é?;Woher kommst du?;De onde você é?;https://radiodownloaddw-a.akamaihd.net/Events/dwelle/deutschkurse/deutschtrainer/wortschatz/Deutschtrainer-Woher-kommst-du-1.mp3
5 De onde você é?;Woher kommen Sie?;De onde o(a) senhor(a) é?;https://radiodownloaddw-a.akamaihd.net/Events/dwelle/deutschkurse/deutschtrainer/wortschatz/Deutschtrainer-Woher-kommen-Sie.mp3
5 De onde você é?;Ich komme aus Russland.;Eu sou da Rússia.;https://radiodownloaddw-a.akamaihd.net/Events/dwelle/deutschkurse/deutschtrainer/wortschatz/Deutschtrainer-Ich-komme-aus-Russland.mp3
5 De onde você é?;Wir kommen aus der Türkei.;Nós somos da Turquia.;https://radiodownloaddw-a.akamaihd.net/Events/dwelle/deutschkurse/deutschtrainer/wortschatz/Deutschtrainer-Wir-kommen-aus-der-Tuerkei.mp3
5 De onde você é?;Ich komme aus der Nähe von Berlin.;Eu venho das proximidades de Berlim.;https://radiodownloaddw-a.akamaihd.net/Events/dwelle/deutschkurse/deutschtrainer/wortschatz/Deutschtrainer-Ich-komme-aus-der-Naehe-von-Berlin.mp3
5 De onde você é?;das Land, die Länder;o país;https://radiodownloaddw-a.akamaihd.net/Events/dwelle/deutschkurse/deutschtrainer/wortschatz/Deutschtrainer-Land.mp3
5 De onde você é?;die Stadt, die Städte;a cidade;https://radiodownloaddw-a.akamaihd.net/Events/dwelle/deutschkurse/deutschtrainer/wortschatz/Deutschtrainer-Stadt.mp3
5 De onde você é?;Wo ist das?;Onde fica?;https://radiodownloaddw-a.akamaihd.net/Events/dwelle/deutschkurse/deutschtrainer/wortschatz/Deutschtrainer-Wo-ist-das-1.mp3
5 De onde você é?;Das ist eine Stadt in Deutschland.;É uma cidade na Alemanha.;https://radiodownloaddw-a.akamaihd.net/Events/dwelle/deutschkurse/deutschtrainer/wortschatz/Deutschtrainer-Das-ist-eine-Stadt-in-Deutschland.mp3
5 De onde você é?;Herzlich willkommen!;Bem-vindo(a)!;https://radiodownloaddw-a.akamaihd.net/Events/dwelle/deutschkurse/deutschtrainer/wortschatz/Deutschtrainer-Herzlich-willkommen.mp3
5 De onde você é?;(das) Asien;Ásia;https://radiodownloaddw-a.akamaihd.net/Events/dwelle/deutschkurse/deutschtrainer/wortschatz/Deutschtrainer-Asien.mp3
5 De onde você é?;(das) Europa;Europa;https://radiodownloaddw-a.akamaihd.net/Events/dwelle/deutschkurse/deutschtrainer/wortschatz/Deutschtrainer-Europa.mp3
5 De onde você é?;(das) Afrika;África;https://radiodownloaddw-a.akamaihd.net/Events/dwelle/deutschkurse/deutschtrainer/wortschatz/Deutschtrainer-Afrika.mp3
5 De onde você é?;(das) Nordamerika;América do Norte;https://radiodownloaddw-a.akamaihd.net/Events/dwelle/deutschkurse/deutschtrainer/wortschatz/Deutschtrainer-Nordamerika.mp3
5 De onde você é?;(das) Südamerika;América do Sul;https://radiodownloaddw-a.akamaihd.net/Events/dwelle/deutschkurse/deutschtrainer/wortschatz/Deutschtrainer-Suedamerika.mp3
5 De onde você é?;(das) Australien;Austrália;https://radiodownloaddw-a.akamaihd.net/Events/dwelle/deutschkurse/deutschtrainer/wortschatz/Deutschtrainer-Australien.mp36 Onde você mora?;Wo wohnst du?;Onde você mora?;https://radiodownloaddw-a.akamaihd.net/Events/dwelle/deutschkurse/deutschtrainer/wortschatz/Deutschtrainer-Wo-wohnst-du-1.mp3
6 Onde você mora?;Wo wohnen Sie?;Onde o(a) senhor(a) mora?;https://radiodownloaddw-a.akamaihd.net/Events/dwelle/deutschkurse/deutschtrainer/wortschatz/Deutschtrainer-Wo-wohnen-Sie.mp3
6 Onde você mora?;Ich wohne in Berlin.;Eu moro em Berlim.;https://radiodownloaddw-a.akamaihd.net/Events/dwelle/deutschkurse/deutschtrainer/wortschatz/Deutschtrainer-Ich-wohne-in-Berlin.mp3
6 Onde você mora?;Das liegt in Ostdeutschland.;Fica no leste da Alemanha.;https://radiodownloaddw-a.akamaihd.net/Events/dwelle/deutschkurse/deutschtrainer/wortschatz/Deutschtrainer-Das-liegt-in-Ostdeutschland.mp3
6 Onde você mora?;Wir wohnen in einem Dorf.;Nós moramos em um vilarejo.;https://radiodownloaddw-a.akamaihd.net/Events/dwelle/deutschkurse/deutschtrainer/wortschatz/Deutschtrainer-Wir-wohnen-in-einem-Dorf.mp3
6 Onde você mora?;Ich wohne auf dem Land.;Eu moro no campo.;https://radiodownloaddw-a.akamaihd.net/Events/dwelle/deutschkurse/deutschtrainer/wortschatz/Deutschtrainer-Ich-wohne-auf-dem-Land.mp3
6 Onde você mora?;Wo ist das?;Onde fica?;https://radiodownloaddw-a.akamaihd.net/Events/dwelle/deutschkurse/deutschtrainer/wortschatz/Deutschtrainer-Wo-ist-das-2.mp3
6 Onde você mora?;Das ist in Bayern.;Fica na Baviera.;https://radiodownloaddw-a.akamaihd.net/Events/dwelle/deutschkurse/deutschtrainer/wortschatz/Deutschtrainer-Das-ist-in-Bayern.mp3
6 Onde você mora?;das Bundesland, die Bundesländer;o estado;https://radiodownloaddw-a.akamaihd.net/Events/dwelle/deutschkurse/deutschtrainer/wortschatz/Deutschtrainer-Bundesland.mp3
6 Onde você mora?;Wie ist die Adresse?;Qual é o endereço?;https://radiodownloaddw-a.akamaihd.net/Events/dwelle/deutschkurse/deutschtrainer/wortschatz/Deutschtrainer-Wie-ist-die-Adresse.mp3
6 Onde você mora?;Die Adresse ist: …;O endereço é: …;https://radiodownloaddw-a.akamaihd.net/Events/dwelle/deutschkurse/deutschtrainer/wortschatz/Deutschtrainer-Die-Adresse-ist.mp3
6 Onde você mora?;Ich wohne in der Bahnhofstraße.;Eu moro na rua Bahnhofstraße.;https://radiodownloaddw-a.akamaihd.net/Events/dwelle/deutschkurse/deutschtrainer/wortschatz/Deutschtrainer-Ich-wohne-in-der-Bahnhofstrasse.mp3
6 Onde você mora?;Ich wohne bei Freunden.;Eu moro com amigos.;https://radiodownloaddw-a.akamaihd.net/Events/dwelle/deutschkurse/deutschtrainer/wortschatz/Deutschtrainer-Ich-wohne-bei-Freunden.mp37 Família;Wer ist das?;Quem é?;https://radiodownloaddw-a.akamaihd.net/Events/dwelle/deutschkurse/deutschtrainer/wortschatz/Deutschtrainer-Wer-ist-das.mp3
7 Família;die Familie, die Familien;a família;https://radiodownloaddw-a.akamaihd.net/Events/dwelle/deutschkurse/deutschtrainer/wortschatz/Deutschtrainer-Familie.mp3
7 Família;Das ist meine Familie.;Esta é a minha família.;https://radiodownloaddw-a.akamaihd.net/Events/dwelle/deutschkurse/deutschtrainer/wortschatz/Deutschtrainer-Das-ist-meine-Familie.mp3
7 Família;die Eltern;os pais;https://radiodownloaddw-a.akamaihd.net/Events/dwelle/deutschkurse/deutschtrainer/wortschatz/Deutschtrainer-Eltern-Plural.mp3
7 Família;die Mutter, die Mütter;a mãe;https://radiodownloaddw-a.akamaihd.net/Events/dwelle/deutschkurse/deutschtrainer/wortschatz/Deutschtrainer-Mutter.mp3
7 Família;der Vater, die Väter;o pai;https://radiodownloaddw-a.akamaihd.net/Events/dwelle/deutschkurse/deutschtrainer/wortschatz/Deutschtrainer-Vater.mp3
7 Família;das Kind, die Kinder;a criança;https://radiodownloaddw-a.akamaihd.net/Events/dwelle/deutschkurse/deutschtrainer/wortschatz/Deutschtrainer-Kind.mp3
7 Família;Ich habe keine Kinder.;Eu não tenho filhos.;https://radiodownloaddw-a.akamaihd.net/Events/dwelle/deutschkurse/deutschtrainer/wortschatz/Deutschtrainer-Ich-habe-keine-Kinder.mp3
7 Família;die Tochter, die Töchter;a filha;https://radiodownloaddw-a.akamaihd.net/Events/dwelle/deutschkurse/deutschtrainer/wortschatz/Deutschtrainer-Tochter.mp3
7 Família;der Sohn, die Söhne;o filho;https://radiodownloaddw-a.akamaihd.net/Events/dwelle/deutschkurse/deutschtrainer/wortschatz/Deutschtrainer-Sohn.mp3
7 Família;Ich habe zwei Söhne.;Eu tenho dois filhos.;https://radiodownloaddw-a.akamaihd.net/Events/dwelle/deutschkurse/deutschtrainer/wortschatz/Deutschtrainer-Ich-habe-zwei-Soehne.mp3
7 Família;die Schwester, die Schwestern;a irmã;https://radiodownloaddw-a.akamaihd.net/Events/dwelle/deutschkurse/deutschtrainer/wortschatz/Deutschtrainer-Schwester.mp3
7 Família;der Bruder, die Brüder;o irmão;https://radiodownloaddw-a.akamaihd.net/Events/dwelle/deutschkurse/deutschtrainer/wortschatz/Deutschtrainer-Bruder.mp3
7 Família;die Großmutter, die Großmütter;a avó;https://radiodownloaddw-a.akamaihd.net/Events/dwelle/deutschkurse/deutschtrainer/wortschatz/Deutschtrainer-Grossmutter.mp3
7 Família;der Großvater, die Großväter;o avô;https://radiodownloaddw-a.akamaihd.net/Events/dwelle/deutschkurse/deutschtrainer/wortschatz/Deutschtrainer-Grossvater.mp3
7 Família;die Ehefrau, die Ehefrauen;a esposa;https://radiodownloaddw-a.akamaihd.net/Events/dwelle/deutschkurse/deutschtrainer/wortschatz/Deutschtrainer-Ehefrau.mp3
7 Família;der Ehemann, die Ehemänner;o marido;https://radiodownloaddw-a.akamaihd.net/Events/dwelle/deutschkurse/deutschtrainer/wortschatz/Deutschtrainer-Ehemann.mp3
7 Família;Ich bin verheiratet.;Eu sou casado(a).;https://radiodownloaddw-a.akamaihd.net/Events/dwelle/deutschkurse/deutschtrainer/wortschatz/Deutschtrainer-Ich-bin-verheiratet.mp3
7 Família;Ich bin ledig.;Eu sou solteiro(a).;https://radiodownloaddw-a.akamaihd.net/Events/dwelle/deutschkurse/deutschtrainer/wortschatz/Deutschtrainer-Ich-bin-ledig.mp38 Imigração;Ich möchte Asyl beantragen.;Eu gostaria de requerer asilo.;https://radiodownloaddw-a.akamaihd.net/Events/dwelle/deutschkurse/deutschtrainer/wortschatz/Deutschtrainer-Ich-moechte-Asyl-beantragen.mp3
8 Imigração;der Flüchtling, die Flüchtlinge;o refugiado;https://radiodownloaddw-a.akamaihd.net/Events/dwelle/deutschkurse/deutschtrainer/wortschatz/Deutschtrainer-Fluechtling.mp3
8 Imigração;befristet;temporário;https://radiodownloaddw-a.akamaihd.net/Events/dwelle/deutschkurse/deutschtrainer/wortschatz/Deutschtrainer-befristet.mp3
8 Imigração;der befristete Aufenthalt;permanência temporária;https://radiodownloaddw-a.akamaihd.net/Events/dwelle/deutschkurse/deutschtrainer/wortschatz/Deutschtrainer-befristeter-Aufenthalt.mp3
8 Imigração;unbefristet;definitivo;https://radiodownloaddw-a.akamaihd.net/Events/dwelle/deutschkurse/deutschtrainer/wortschatz/Deutschtrainer-unbefristet.mp3
8 Imigração;die Duldung, die Duldungen;permanência tolerada (expulsão temporariamente suspensa);https://radiodownloaddw-a.akamaihd.net/Events/dwelle/deutschkurse/deutschtrainer/wortschatz/Deutschtrainer-Duldung.mp3
8 Imigração;die Aufenthaltserlaubnis, die Aufenthaltserlaubnisse;o visto de permanência;https://radiodownloaddw-a.akamaihd.net/Events/dwelle/deutschkurse/deutschtrainer/wortschatz/Deutschtrainer-Aufenthaltserlaubnis.mp3
8 Imigração;Ich habe eine Aufenthaltserlaubnis.;Eu tenho um visto de permanência.;https://radiodownloaddw-a.akamaihd.net/Events/dwelle/deutschkurse/deutschtrainer/wortschatz/Deutschtrainer-Ich-habe-eine-Aufenthaltserlaubnis.mp3
8 Imigração;Meine Aufenthaltserlaubnis ist abgelaufen.;Meu visto de permanência expirou.;https://radiodownloaddw-a.akamaihd.net/Events/dwelle/deutschkurse/deutschtrainer/wortschatz/Deutschtrainer-Meine-Aufenthaltserlaubnis-ist-abgelaufen.mp3
8 Imigração;Ich möchte sie verlängern.;Eu gostaria de prolongá-lo.;https://radiodownloaddw-a.akamaihd.net/Events/dwelle/deutschkurse/deutschtrainer/wortschatz/Deutschtrainer-Ich-moechte-sie-verlaengern.mp3
8 Imigração;die Arbeitserlaubnis, die Arbeitserlaubnisse;a permissão de trabalho;https://radiodownloaddw-a.akamaihd.net/Events/dwelle/deutschkurse/deutschtrainer/wortschatz/Deutschtrainer-Arbeitserlaubnis.mp3
8 Imigração;die Unterschrift, die Unterschriften;a assinatura;https://radiodownloaddw-a.akamaihd.net/Events/dwelle/deutschkurse/deutschtrainer/wortschatz/Deutschtrainer-Unterschrift-1.mp3
8 Imigração;das Formular, die Formulare;o formulário;https://radiodownloaddw-a.akamaihd.net/Events/dwelle/deutschkurse/deutschtrainer/wortschatz/Deutschtrainer-Formular-1.mp3
8 Imigração;das Dokument, die Dokumente;o documento;https://radiodownloaddw-a.akamaihd.net/Events/dwelle/deutschkurse/deutschtrainer/wortschatz/Deutschtrainer-Dokument.mp3
8 Imigração;der Pass, die Pässe;o passaporte;https://radiodownloaddw-a.akamaihd.net/Events/dwelle/deutschkurse/deutschtrainer/wortschatz/Deutschtrainer-Pass-1.mp3
8 Imigração;das Visum, die Visa;o visto;https://radiodownloaddw-a.akamaihd.net/Events/dwelle/deutschkurse/deutschtrainer/wortschatz/Deutschtrainer-Visum.mp3
8 Imigração;die Staatsbürgerschaft, die Staatsbürgerschaften;a cidadania;https://radiodownloaddw-a.akamaihd.net/Events/dwelle/deutschkurse/deutschtrainer/wortschatz/Deutschtrainer-Staatsbuergerschaft.mp39 Pedir ajuda;Entschuldigung, kannst du mir helfen?;Com licença, você pode me ajudar?;https://radiodownloaddw-a.akamaihd.net/Events/dwelle/deutschkurse/deutschtrainer/wortschatz/Deutschtrainer-Entschuldigung-kannst-du-mir-helfen.mp3
9 Pedir ajuda;Ja, natürlich.;Sim, claro.;https://radiodownloaddw-a.akamaihd.net/Events/dwelle/deutschkurse/deutschtrainer/wortschatz/Deutschtrainer-Ja-natuerlich.mp3
9 Pedir ajuda;Vielen Dank.;Muito obrigado(a).;https://radiodownloaddw-a.akamaihd.net/Events/dwelle/deutschkurse/deutschtrainer/wortschatz/Deutschtrainer-vielen-Dank-2.mp3
9 Pedir ajuda;Ich habe eine Frage.;Eu tenho uma pergunta.;https://radiodownloaddw-a.akamaihd.net/Events/dwelle/deutschkurse/deutschtrainer/wortschatz/Deutschtrainer-Ich-habe-eine-Frage.mp3
9 Pedir ajuda;Wissen Sie, wo das ist?;O(A) senhor(a) sabe onde é?;https://radiodownloaddw-a.akamaihd.net/Events/dwelle/deutschkurse/deutschtrainer/wortschatz/Deutschtrainer-Wissen-Sie-wo-das-ist.mp3
9 Pedir ajuda;Leider nicht.;Infelizmente não.;https://radiodownloaddw-a.akamaihd.net/Events/dwelle/deutschkurse/deutschtrainer/wortschatz/Deutschtrainer-Leider-nicht.mp3
9 Pedir ajuda;Ich spreche kein Deutsch.;Eu não falo alemão.;https://radiodownloaddw-a.akamaihd.net/Events/dwelle/deutschkurse/deutschtrainer/wortschatz/Deutschtrainer-Ich-spreche-kein-Deutsch-1.mp3
9 Pedir ajuda;Ich verstehe das nicht.;Eu não entendo.;https://radiodownloaddw-a.akamaihd.net/Events/dwelle/deutschkurse/deutschtrainer/wortschatz/Deutschtrainer-Ich-verstehe-das-nicht.mp3
9 Pedir ajuda;Was bedeutet das?;O que significa isso?;https://radiodownloaddw-a.akamaihd.net/Events/dwelle/deutschkurse/deutschtrainer/wortschatz/Deutschtrainer-Was-bedeutet-das.mp3
9 Pedir ajuda;Wie bitte?;Como?;https://radiodownloaddw-a.akamaihd.net/Events/dwelle/deutschkurse/deutschtrainer/wortschatz/Deutschtrainer-Wie-bitte.mp3
9 Pedir ajuda;Können Sie das wiederholen bitte?;O(A) senhor(a) poderia repetir, por favor?;https://radiodownloaddw-a.akamaihd.net/Events/dwelle/deutschkurse/deutschtrainer/wortschatz/Deutschtrainer-Koennen-Sie-das-wiederholen-bitte.mp3
9 Pedir ajuda;Können Sie bitte langsamer sprechen?;O(A) senhor(a) poderia falar mais devagar?;https://radiodownloaddw-a.akamaihd.net/Events/dwelle/deutschkurse/deutschtrainer/wortschatz/Deutschtrainer-Koennen-Sie-bitte-langsamer-sprechen.mp3
9 Pedir ajuda;Entschuldigung, wo ist die Information?;Com licença, onde fica o setor de informações?;https://radiodownloaddw-a.akamaihd.net/Events/dwelle/deutschkurse/deutschtrainer/wortschatz/Deutschtrainer-Entschuldigung-wo-ist-die-Information.mp310 Aprender alemão;die deutsche Sprache;a língua alemã;https://radiodownloaddw-a.akamaihd.net/Events/dwelle/deutschkurse/deutschtrainer/wortschatz/Deutschtrainer-die-deutsche-Sprache.mp3
10 Aprender alemão;die Grammatik, die Grammatiken;a gramática;https://radiodownloaddw-a.akamaihd.net/Events/dwelle/deutschkurse/deutschtrainer/wortschatz/Deutschtrainer-Grammatik.mp3
10 Aprender alemão;die Vokabel, die Vokabeln;o vocábulo;https://radiodownloaddw-a.akamaihd.net/Events/dwelle/deutschkurse/deutschtrainer/wortschatz/Deutschtrainer-Vokabel.mp3
10 Aprender alemão;der Deutschkurs, die Deutschkurse;o curso de alemão;https://radiodownloaddw-a.akamaihd.net/Events/dwelle/deutschkurse/deutschtrainer/wortschatz/Deutschtrainer-Deutschkurs.mp3
10 Aprender alemão;Ich möchte mich für einen Kurs anmelden.;Eu gostaria de me inscrever num curso.;https://radiodownloaddw-a.akamaihd.net/Events/dwelle/deutschkurse/deutschtrainer/wortschatz/Deutschtrainer-Ich-moechte-mich-fuer-einen-Kurs-anmelden.mp3
10 Aprender alemão;Ich möchte Deutsch lernen.;Eu gostaria de aprender alemão.;https://radiodownloaddw-a.akamaihd.net/Events/dwelle/deutschkurse/deutschtrainer/wortschatz/Deutschtrainer-Ich-moechte-Deutsch-lernen.mp3
10 Aprender alemão;Ich spreche ein bisschen Deutsch.;Eu falo um pouco de alemão.;https://radiodownloaddw-a.akamaihd.net/Events/dwelle/deutschkurse/deutschtrainer/wortschatz/Deutschtrainer-Ich-spreche-ein-bisschen-Deutsch.mp3
10 Aprender alemão;Ich spreche kein Deutsch.;Eu não falo alemão.;https://radiodownloaddw-a.akamaihd.net/Events/dwelle/deutschkurse/deutschtrainer/wortschatz/Deutschtrainer-Ich-spreche-kein-Deutsch-2.mp3
10 Aprender alemão;die Niveaustufe, die Niveaustufen;o nível;https://radiodownloaddw-a.akamaihd.net/Events/dwelle/deutschkurse/deutschtrainer/wortschatz/Deutschtrainer-Niveaustufe.mp3
10 Aprender alemão;Ich lerne Deutsch.;Eu estou aprendendo alemão.;https://radiodownloaddw-a.akamaihd.net/Events/dwelle/deutschkurse/deutschtrainer/wortschatz/Deutschtrainer-Ich-lerne-Deutsch.mp3
10 Aprender alemão;der Lehrer, die Lehrer;o professor;https://radiodownloaddw-a.akamaihd.net/Events/dwelle/deutschkurse/deutschtrainer/wortschatz/Deutschtrainer-Lehrer-1.mp3
10 Aprender alemão;die Lehrerin, die Lehrerinnen;a professora;https://radiodownloaddw-a.akamaihd.net/Events/dwelle/deutschkurse/deutschtrainer/wortschatz/Deutschtrainer-Lehrerin-1.mp3
10 Aprender alemão;die Prüfung, die Prüfungen;a prova;https://radiodownloaddw-a.akamaihd.net/Events/dwelle/deutschkurse/deutschtrainer/wortschatz/Deutschtrainer-Pruefung.mp3
10 Aprender alemão;die Fremdsprache, die Fremdsprachen;a língua estrangeira;https://radiodownloaddw-a.akamaihd.net/Events/dwelle/deutschkurse/deutschtrainer/wortschatz/Deutschtrainer-Fremdsprache.mp3
10 Aprender alemão;Ich spreche Englisch.;Eu falo inglês.;https://radiodownloaddw-a.akamaihd.net/Events/dwelle/deutschkurse/deutschtrainer/wortschatz/Deutschtrainer-Ich-spreche-Englisch.mp3
10 Aprender alemão;Ich spreche Arabisch.;Eu falo árabe.;https://radiodownloaddw-a.akamaihd.net/Events/dwelle/deutschkurse/deutschtrainer/wortschatz/Deutschtrainer-Ich-spreche-Arabisch.mp311 Trabalho e profissão;der Beruf, die Berufe;a profissão;https://radiodownloaddw-a.akamaihd.net/Events/dwelle/deutschkurse/deutschtrainer/wortschatz/Deutschtrainer-Beruf.mp3
11 Trabalho e profissão;Was machst du beruflich?;O que você faz profissionalmente?;https://radiodownloaddw-a.akamaihd.net/Events/dwelle/deutschkurse/deutschtrainer/wortschatz/Deutschtrainer-Was-machst-du-beruflich.mp3
11 Trabalho e profissão;Was machen Sie beruflich?;O que o(a) senhor(a) faz profissionalmente?;https://radiodownloaddw-a.akamaihd.net/Events/dwelle/deutschkurse/deutschtrainer/wortschatz/Deutschtrainer-Was-machen-Sie-beruflich.mp3
11 Trabalho e profissão;Was bist du von Beruf?;Qual é a sua profissão?;https://radiodownloaddw-a.akamaihd.net/Events/dwelle/deutschkurse/deutschtrainer/wortschatz/Deutschtrainer-Was-bist-du-von-Beruf.mp3
11 Trabalho e profissão;Was sind Sie von Beruf?;Qual é a profissão do(a) senhor(a)?;https://radiodownloaddw-a.akamaihd.net/Events/dwelle/deutschkurse/deutschtrainer/wortschatz/Deutschtrainer-Was-sind-Sie-von-Beruf.mp3
11 Trabalho e profissão;Ich bin Bauarbeiter.;Eu trabalho na construção civil.;https://radiodownloaddw-a.akamaihd.net/Events/dwelle/deutschkurse/deutschtrainer/wortschatz/Deutschtrainer-Ich-bin-Bauarbeiter.mp3
11 Trabalho e profissão;Ich bin Polizistin.;Eu sou policial.;https://radiodownloaddw-a.akamaihd.net/Events/dwelle/deutschkurse/deutschtrainer/wortschatz/Deutschtrainer-Ich-bin-Polizistin.mp3
11 Trabalho e profissão;Ich bin arbeitslos.;Eu estou desempregado(a).;https://radiodownloaddw-a.akamaihd.net/Events/dwelle/deutschkurse/deutschtrainer/wortschatz/Deutschtrainer-Ich-bin-arbeitslos.mp3
11 Trabalho e profissão;Ich studiere.;Eu sou estudante.;https://radiodownloaddw-a.akamaihd.net/Events/dwelle/deutschkurse/deutschtrainer/wortschatz/Deutschtrainer-Ich-studiere.mp3
11 Trabalho e profissão;Ich mache eine Ausbildung.;Eu estou fazendo um curso para obter uma formação profissional.;https://radiodownloaddw-a.akamaihd.net/Events/dwelle/deutschkurse/deutschtrainer/wortschatz/Deutschtrainer-Ich-mache-eine-Ausbildung.mp3
11 Trabalho e profissão;arbeiten;trabalhar;https://radiodownloaddw-a.akamaihd.net/Events/dwelle/deutschkurse/deutschtrainer/wortschatz/Deutschtrainer-arbeiten.mp3
11 Trabalho e profissão;die Arbeit;o trabalho;https://radiodownloaddw-a.akamaihd.net/Events/dwelle/deutschkurse/deutschtrainer/wortschatz/Deutschtrainer-Arbeit-Singular.mp3
11 Trabalho e profissão;Ich suche Arbeit.;Eu estou procurando trabalho.;https://radiodownloaddw-a.akamaihd.net/Events/dwelle/deutschkurse/deutschtrainer/wortschatz/Deutschtrainer-Ich-suche-Arbeit.mp312 Profissões;der Arzt, die Ärzte;o médico;https://radiodownloaddw-a.akamaihd.net/Events/dwelle/deutschkurse/deutschtrainer/wortschatz/Deutschtrainer-Arzt-1.mp3
12 Profissões;die Ärztin, die Ärztinnen;a médica;https://radiodownloaddw-a.akamaihd.net/Events/dwelle/deutschkurse/deutschtrainer/wortschatz/Deutschtrainer-Aerztin-1.mp3
12 Profissões;Ich bin Ärztin.;Eu sou médica.;https://radiodownloaddw-a.akamaihd.net/Events/dwelle/deutschkurse/deutschtrainer/wortschatz/Deutschtrainer-Ich-bin-Aerztin.mp3
12 Profissões;der Lehrer, die Lehrer;o professor;https://radiodownloaddw-a.akamaihd.net/Events/dwelle/deutschkurse/deutschtrainer/wortschatz/Deutschtrainer-Lehrer-2.mp3
12 Profissões;die Lehrerin, die Lehrerinnen;a professora;https://radiodownloaddw-a.akamaihd.net/Events/dwelle/deutschkurse/deutschtrainer/wortschatz/Deutschtrainer-Lehrerin-2.mp3
12 Profissões;Ich möchte Lehrer werden.;Eu gostaria de ser professor.;https://radiodownloaddw-a.akamaihd.net/Events/dwelle/deutschkurse/deutschtrainer/wortschatz/Deutschtrainer-Ich-moechte-Lehrer-werden.mp3
12 Profissões;der Erzieher, die Erzieher;o educador infantil;https://radiodownloaddw-a.akamaihd.net/Events/dwelle/deutschkurse/deutschtrainer/wortschatz/Deutschtrainer-Erzieher.mp3
12 Profissões;die Erzieherin, die Erzieherinnen;a educadora infantil;https://radiodownloaddw-a.akamaihd.net/Events/dwelle/deutschkurse/deutschtrainer/wortschatz/Deutschtrainer-Erzieherin.mp3
12 Profissões;der Krankenpfleger, die Krankenpfleger;o enfermeiro;https://radiodownloaddw-a.akamaihd.net/Events/dwelle/deutschkurse/deutschtrainer/wortschatz/Deutschtrainer-Krankenpfleger-1.mp3
12 Profissões;die Krankenschwester, die Krankenschwestern;a enfermeira;https://radiodownloaddw-a.akamaihd.net/Events/dwelle/deutschkurse/deutschtrainer/wortschatz/Deutschtrainer-Krankenschwester-1.mp3
12 Profissões;der Journalist, die Journalisten;o jornalista;https://radiodownloaddw-a.akamaihd.net/Events/dwelle/deutschkurse/deutschtrainer/wortschatz/Deutschtrainer-Journalist.mp3
12 Profissões;die Journalistin, die Journalistinnen;jornalista;https://radiodownloaddw-a.akamaihd.net/Events/dwelle/deutschkurse/deutschtrainer/wortschatz/Deutschtrainer-Journalistin.mp3
12 Profissões;der Ingenieur, die Ingenieure;o engenheiro;https://radiodownloaddw-a.akamaihd.net/Events/dwelle/deutschkurse/deutschtrainer/wortschatz/Deutschtrainer-Ingenieur.mp3
12 Profissões;die Ingenieurin, die Ingenieurinnen;a engenheira;https://radiodownloaddw-a.akamaihd.net/Events/dwelle/deutschkurse/deutschtrainer/wortschatz/Deutschtrainer-Ingenieurin.mp3
12 Profissões;der Computerspezialist, die Computerspezialisten;o especialista em computação;https://radiodownloaddw-a.akamaihd.net/Events/dwelle/deutschkurse/deutschtrainer/wortschatz/Deutschtrainer-Computerspezialist.mp3
12 Profissões;die Computerspezialistin, die Computerspezialistinnen;a especialista em computação;https://radiodownloaddw-a.akamaihd.net/Events/dwelle/deutschkurse/deutschtrainer/wortschatz/Deutschtrainer-Computerspezialistin.mp3
12 Profissões;der Architekt, die Architekten;o arquiteto;https://radiodownloaddw-a.akamaihd.net/Events/dwelle/deutschkurse/deutschtrainer/wortschatz/Deutschtrainer-Architekt.mp3
12 Profissões;die Architektin, die Architektinnen;a arquiteta;https://radiodownloaddw-a.akamaihd.net/Events/dwelle/deutschkurse/deutschtrainer/wortschatz/Deutschtrainer-Architektin.mp3
12 Profissões;der Taxifahrer, die Taxifahrer;o taxista;https://radiodownloaddw-a.akamaihd.net/Events/dwelle/deutschkurse/deutschtrainer/wortschatz/Deutschtrainer-Taxifahrer.mp3
12 Profissões;die Taxifahrerin, die Taxifahrerinnen;a taxista;https://radiodownloaddw-a.akamaihd.net/Events/dwelle/deutschkurse/deutschtrainer/wortschatz/Deutschtrainer-Taxifahrerin.mp3
12 Profissões;der Busfahrer, die Busfahrer;o motorista de ônibus;https://radiodownloaddw-a.akamaihd.net/Events/dwelle/deutschkurse/deutschtrainer/wortschatz/Deutschtrainer-Busfahrer.mp3
12 Profissões;die Busfahrerin, die Busfahrerinnen;a motorista de ônibus;https://radiodownloaddw-a.akamaihd.net/Events/dwelle/deutschkurse/deutschtrainer/wortschatz/Deutschtrainer-Busfahrerin.mp3
12 Profissões;der Friseur, die Friseure;o cabeleireiro;https://radiodownloaddw-a.akamaihd.net/Events/dwelle/deutschkurse/deutschtrainer/wortschatz/Deutschtrainer-Friseur-1.mp3
12 Profissões;die Friseurin, die Friseurinnen;a cabeleireira;https://radiodownloaddw-a.akamaihd.net/Events/dwelle/deutschkurse/deutschtrainer/wortschatz/Deutschtrainer-Friseurin-1.mp3
12 Profissões;der Koch, die Köche;o cozinheiro;https://radiodownloaddw-a.akamaihd.net/Events/dwelle/deutschkurse/deutschtrainer/wortschatz/Deutschtrainer-Koch.mp3
12 Profissões;die Köchin, die Köchinnen;a cozinheira;https://radiodownloaddw-a.akamaihd.net/Events/dwelle/deutschkurse/deutschtrainer/wortschatz/Deutschtrainer-Koechin.mp3
12 Profissões;der Verkäufer, die Verkäufer;o vendedor;https://radiodownloaddw-a.akamaihd.net/Events/dwelle/deutschkurse/deutschtrainer/wortschatz/Deutschtrainer-Verkaeufer.mp3
12 Profissões;die Verkäuferin, die Verkäuferinnen;a vendedora;https://radiodownloaddw-a.akamaihd.net/Events/dwelle/deutschkurse/deutschtrainer/wortschatz/Deutschtrainer-Verkaeuferin.mp3
12 Profissões;der Kfz-Mechatroniker, die Kfz-Mechatroniker;o mecânico;https://radiodownloaddw-a.akamaihd.net/Events/dwelle/deutschkurse/deutschtrainer/wortschatz/Deutschtrainer-Kfz-Mechatroniker.mp3
12 Profissões;die Kfz-Mechatronikerin, die Kfz-Mechatronikerinnen;a mecânica;https://radiodownloaddw-a.akamaihd.net/Events/dwelle/deutschkurse/deutschtrainer/wortschatz/Deutschtrainer-Kfz-Mechatronikerin.mp3
12 Profissões;der Handwerker, die Handwerker;o operário;https://radiodownloaddw-a.akamaihd.net/Events/dwelle/deutschkurse/deutschtrainer/wortschatz/Deutschtrainer-Handwerker.mp3
12 Profissões;die Handwerkerin, die Handwerkerinnen;a operária;https://radiodownloaddw-a.akamaihd.net/Events/dwelle/deutschkurse/deutschtrainer/wortschatz/Deutschtrainer-Handwerkerin.mp313 Telefone e e-mail;die Telefonnummer, die Telefonnummern;o número de telefone;https://radiodownloaddw-a.akamaihd.net/Events/dwelle/deutschkurse/deutschtrainer/wortschatz/Deutschtrainer-Telefonnummer.mp3
13 Telefone e e-mail;Wie ist deine Telefonnummer?;Qual é o seu número de telefone?;https://radiodownloaddw-a.akamaihd.net/Events/dwelle/deutschkurse/deutschtrainer/wortschatz/Deutschtrainer-Wie-ist-deine-Telefonnummer.mp3
13 Telefone e e-mail;Wie ist Ihre Telefonnummer?;Qual é o número de telefone do(a) senhor(a)?;https://radiodownloaddw-a.akamaihd.net/Events/dwelle/deutschkurse/deutschtrainer/wortschatz/Deutschtrainer-Wie-ist-Ihre-Telefonnummer.mp3
13 Telefone e e-mail;Meine Telefonnummer ist 0735455577.;Meu número de telefone é 0735455577.;https://radiodownloaddw-a.akamaihd.net/Events/dwelle/deutschkurse/deutschtrainer/wortschatz/Deutschtrainer-Meine-Telefonnummer-ist-0735455577.mp3
13 Telefone e e-mail;die E-Mail-Adresse, die E-Mail-Adressen;o endereço de e-mail;https://radiodownloaddw-a.akamaihd.net/Events/dwelle/deutschkurse/deutschtrainer/wortschatz/Deutschtrainer-E-Mail-Adresse.mp3
13 Telefone e e-mail;Kannst du mir deine E-Mail-Adresse geben?;Você pode me dar o seu endereço de e-mail?;https://radiodownloaddw-a.akamaihd.net/Events/dwelle/deutschkurse/deutschtrainer/wortschatz/Deutschtrainer-Kannst-du-mir-deine-E-Mail-Adresse-geben.mp3
13 Telefone e e-mail;Wie ist Ihre E-Mail-Adresse?;Qual é o endereço de e-mail do(a) senhor(a)?;https://radiodownloaddw-a.akamaihd.net/Events/dwelle/deutschkurse/deutschtrainer/wortschatz/Deutschtrainer-Wie-ist-Ihre-E-Mail-Adresse.mp3
13 Telefone e e-mail;Meine E-Mail-Adresse ist hallo@dw.com.;Meu endereço de e-mail é hallo@dw.com;https://radiodownloaddw-a.akamaihd.net/Events/dwelle/deutschkurse/deutschtrainer/wortschatz/Deutschtrainer-Meine-E-Mail-Adresse-ist-hallo-at-dw-com.mp3
13 Telefone e e-mail;jemanden an|rufen;telefonar;https://radiodownloaddw-a.akamaihd.net/Events/dwelle/deutschkurse/deutschtrainer/wortschatz/Deutschtrainer-anrufen.mp3
13 Telefone e e-mail;Kann ich dich anrufen?;Eu posso ligar para você?;https://radiodownloaddw-a.akamaihd.net/Events/dwelle/deutschkurse/deutschtrainer/wortschatz/Deutschtrainer-Kann-ich-dich-anrufen.mp3
13 Telefone e e-mail;Kann ich Sie anrufen?;Eu posso ligar para o(a) senhor(a)?;https://radiodownloaddw-a.akamaihd.net/Events/dwelle/deutschkurse/deutschtrainer/wortschatz/Deutschtrainer-Kann-ich-Sie-anrufen.mp3
13 Telefone e e-mail;das Handy, die Handys;o celular;https://radiodownloaddw-a.akamaihd.net/Events/dwelle/deutschkurse/deutschtrainer/wortschatz/Deutschtrainer-Handy-1.mp3
13 Telefone e e-mail;die Handy-Nummer, die Handy-Nummern;o número de celular;https://radiodownloaddw-a.akamaihd.net/Events/dwelle/deutschkurse/deutschtrainer/wortschatz/Deutschtrainer-Handynummer.mp3
13 Telefone e e-mail;Ich habe kein Handy.;Eu não tenho celular.;https://radiodownloaddw-a.akamaihd.net/Events/dwelle/deutschkurse/deutschtrainer/wortschatz/Deutschtrainer-Ich-habe-kein-Handy.mp3
13 Telefone e e-mail;Ich habe keine E-Mail-Adresse.;Eu não tenho endereço de e-mail.;https://radiodownloaddw-a.akamaihd.net/Events/dwelle/deutschkurse/deutschtrainer/wortschatz/Deutschtrainer-Ich-habe-keine-E-Mail-Adresse.mp3
13 Telefone e e-mail;Bist du auf Facebook?;Você está no Facebook?;https://radiodownloaddw-a.akamaihd.net/Events/dwelle/deutschkurse/deutschtrainer/wortschatz/Deutschtrainer-Bist-du-auf-Facebook.mp3
13 Telefone e e-mail;Hast du WhatsApp?;Você tem WhatsApp?;https://radiodownloaddw-a.akamaihd.net/Events/dwelle/deutschkurse/deutschtrainer/wortschatz/Deutschtrainer-Hast-du-WhatsApp.mp314 Números;die Zahl, die Zahlen;o número;https://radiodownloaddw-a.akamaihd.net/Events/dwelle/deutschkurse/deutschtrainer/wortschatz/Deutschtrainer-Zahl.mp3
14 Números;null;zero;https://radiodownloaddw-a.akamaihd.net/Events/dwelle/deutschkurse/nicosweg/wortschatz/BAKU_null.mp3
14 Números;eins;um;https://radiodownloaddw-a.akamaihd.net/Events/dwelle/deutschkurse/deutschtrainer/wortschatz/Deutschtrainer-eins.mp3
14 Números;zwei;dois;https://radiodownloaddw-a.akamaihd.net/Events/dwelle/deutschkurse/deutschtrainer/wortschatz/Deutschtrainer-zwei.mp3
14 Números;drei;três;https://radiodownloaddw-a.akamaihd.net/Events/dwelle/deutschkurse/deutschtrainer/wortschatz/Deutschtrainer-drei.mp3
14 Números;vier;quatro;https://radiodownloaddw-a.akamaihd.net/Events/dwelle/deutschkurse/deutschtrainer/wortschatz/Deutschtrainer-vier.mp3
14 Números;fünf;cinco;https://radiodownloaddw-a.akamaihd.net/Events/dwelle/deutschkurse/deutschtrainer/wortschatz/Deutschtrainer-fuenf.mp3
14 Números;sechs;seis;https://radiodownloaddw-a.akamaihd.net/Events/dwelle/deutschkurse/deutschtrainer/wortschatz/Deutschtrainer-sechs.mp3
14 Números;sieben;sete;https://radiodownloaddw-a.akamaihd.net/Events/dwelle/deutschkurse/deutschtrainer/wortschatz/Deutschtrainer-sieben.mp3
14 Números;acht;oito;https://radiodownloaddw-a.akamaihd.net/Events/dwelle/deutschkurse/deutschtrainer/wortschatz/Deutschtrainer-acht.mp3
14 Números;neun;nove;https://radiodownloaddw-a.akamaihd.net/Events/dwelle/deutschkurse/deutschtrainer/wortschatz/Deutschtrainer-neun.mp3
14 Números;zehn;dez;https://radiodownloaddw-a.akamaihd.net/Events/dwelle/deutschkurse/deutschtrainer/wortschatz/Deutschtrainer-zehn.mp3
14 Números;elf;onze;https://radiodownloaddw-a.akamaihd.net/Events/dwelle/deutschkurse/deutschtrainer/wortschatz/Deutschtrainer-elf.mp3
14 Números;zwölf;doze;https://radiodownloaddw-a.akamaihd.net/Events/dwelle/deutschkurse/deutschtrainer/wortschatz/Deutschtrainer-zwoelf.mp3
14 Números;dreizehn;treze;https://radiodownloaddw-a.akamaihd.net/Events/dwelle/deutschkurse/deutschtrainer/wortschatz/Deutschtrainer-dreizehn.mp3
14 Números;vierzehn;quatorze;https://radiodownloaddw-a.akamaihd.net/Events/dwelle/deutschkurse/deutschtrainer/wortschatz/Deutschtrainer-vierzehn.mp3
14 Números;fünfzehn;quinze;https://radiodownloaddw-a.akamaihd.net/Events/dwelle/deutschkurse/deutschtrainer/wortschatz/Deutschtrainer-fuenfzehn.mp3
14 Números;sechzehn;dezesseis;https://radiodownloaddw-a.akamaihd.net/Events/dwelle/deutschkurse/deutschtrainer/wortschatz/Deutschtrainer-sechzehn.mp3
14 Números;siebzehn;dezessete;https://radiodownloaddw-a.akamaihd.net/Events/dwelle/deutschkurse/deutschtrainer/wortschatz/Deutschtrainer-siebzehn.mp3
14 Números;achtzehn;dezoito;https://radiodownloaddw-a.akamaihd.net/Events/dwelle/deutschkurse/deutschtrainer/wortschatz/Deutschtrainer-achtzehn.mp3
14 Números;neunzehn;dezenove;https://radiodownloaddw-a.akamaihd.net/Events/dwelle/deutschkurse/deutschtrainer/wortschatz/Deutschtrainer-neunzehn.mp3
14 Números;zwanzig;vinte;https://radiodownloaddw-a.akamaihd.net/Events/dwelle/deutschkurse/deutschtrainer/wortschatz/Deutschtrainer-zwanzig.mp315 Meses;das Jahr, die Jahre;o ano;https://radiodownloaddw-a.akamaihd.net/Events/dwelle/deutschkurse/deutschtrainer/wortschatz/Deutschtrainer-Jahr.mp3
15 Meses;der Monat, die Monate;o mês;https://radiodownloaddw-a.akamaihd.net/Events/dwelle/deutschkurse/deutschtrainer/wortschatz/Deutschtrainer-Monat.mp3
15 Meses;der Januar;janeiro;https://radiodownloaddw-a.akamaihd.net/Events/dwelle/deutschkurse/deutschtrainer/wortschatz/Deutschtrainer-Januar-Singular.mp3
15 Meses;Es ist Januar.;É janeiro.;https://radiodownloaddw-a.akamaihd.net/Events/dwelle/deutschkurse/deutschtrainer/wortschatz/Deutschtrainer-Es-ist-Januar.mp3
15 Meses;im Januar;em janeiro;https://radiodownloaddw-a.akamaihd.net/Events/dwelle/deutschkurse/deutschtrainer/wortschatz/Deutschtrainer-im-Januar.mp3
15 Meses;der Februar;fevereiro;https://radiodownloaddw-a.akamaihd.net/Events/dwelle/deutschkurse/deutschtrainer/wortschatz/Deutschtrainer-Februar-Singular.mp3
15 Meses;der März;março;https://radiodownloaddw-a.akamaihd.net/Events/dwelle/deutschkurse/deutschtrainer/wortschatz/Deutschtrainer-Maerz-Singular.mp3
15 Meses;der April;abril;https://radiodownloaddw-a.akamaihd.net/Events/dwelle/deutschkurse/deutschtrainer/wortschatz/Deutschtrainer-April-Singular.mp3
15 Meses;der Mai;maio;https://radiodownloaddw-a.akamaihd.net/Events/dwelle/deutschkurse/deutschtrainer/wortschatz/Deutschtrainer-Mai-Singular.mp3
15 Meses;der Juni;junho;https://radiodownloaddw-a.akamaihd.net/Events/dwelle/deutschkurse/deutschtrainer/wortschatz/Deutschtrainer-Juni-Singular.mp3
15 Meses;der Juli;julho;https://radiodownloaddw-a.akamaihd.net/Events/dwelle/deutschkurse/deutschtrainer/wortschatz/Deutschtrainer-Juli-Singular.mp3
15 Meses;der August;agosto;https://radiodownloaddw-a.akamaihd.net/Events/dwelle/deutschkurse/deutschtrainer/wortschatz/Deutschtrainer-August-Singular.mp3
15 Meses;der September;setembro;https://radiodownloaddw-a.akamaihd.net/Events/dwelle/deutschkurse/deutschtrainer/wortschatz/Deutschtrainer-September-Singular.mp3
15 Meses;der Oktober;outubro;https://radiodownloaddw-a.akamaihd.net/Events/dwelle/deutschkurse/deutschtrainer/wortschatz/Deutschtrainer-Oktober-Singular.mp3
15 Meses;der November;novembro;https://radiodownloaddw-a.akamaihd.net/Events/dwelle/deutschkurse/deutschtrainer/wortschatz/Deutschtrainer-November-Singular.mp3
15 Meses;der Dezember;dezembro;https://radiodownloaddw-a.akamaihd.net/Events/dwelle/deutschkurse/deutschtrainer/wortschatz/Deutschtrainer-Dezember-Singular.mp3
15 Meses;der Frühling, die Frühlinge;a primavera;https://radiodownloaddw-a.akamaihd.net/Events/dwelle/deutschkurse/deutschtrainer/wortschatz/Deutschtrainer-Fruehling.mp3
15 Meses;der Sommer, die Sommer;o verão;https://radiodownloaddw-a.akamaihd.net/Events/dwelle/deutschkurse/deutschtrainer/wortschatz/Deutschtrainer-Sommer.mp3
15 Meses;der Herbst, die Herbste;o outono;https://radiodownloaddw-a.akamaihd.net/Events/dwelle/deutschkurse/deutschtrainer/wortschatz/Deutschtrainer-Herbst.mp3
15 Meses;der Winter, die Winter;o inverno;https://radiodownloaddw-a.akamaihd.net/Events/dwelle/deutschkurse/deutschtrainer/wortschatz/Deutschtrainer-Winter.mp316 Dias da semana;der Tag, die Tage;o dia;https://radiodownloaddw-a.akamaihd.net/Events/dwelle/deutschkurse/deutschtrainer/wortschatz/Deutschtrainer-Tag.mp3
16 Dias da semana;der Montag, die Montage;a segunda-feira;https://radiodownloaddw-a.akamaihd.net/Events/dwelle/deutschkurse/deutschtrainer/wortschatz/Deutschtrainer-Montag.mp3
16 Dias da semana;am Montag;na segunda-feira;https://radiodownloaddw-a.akamaihd.net/Events/dwelle/deutschkurse/deutschtrainer/wortschatz/Deutschtrainer-am-Montag.mp3
16 Dias da semana;der Dienstag, die Dienstage;a terça-feira;https://radiodownloaddw-a.akamaihd.net/Events/dwelle/deutschkurse/deutschtrainer/wortschatz/Deutschtrainer-Dienstag.mp3
16 Dias da semana;der Mittwoch, die Mittwoche;a quarta-feira;https://radiodownloaddw-a.akamaihd.net/Events/dwelle/deutschkurse/deutschtrainer/wortschatz/Deutschtrainer-Mittwoch.mp3
16 Dias da semana;der Donnerstag, die Donnerstage;a quinta-feira;https://radiodownloaddw-a.akamaihd.net/Events/dwelle/deutschkurse/deutschtrainer/wortschatz/Deutschtrainer-Donnerstag.mp3
16 Dias da semana;der Freitag, die Freitage;a sexta-feira;https://radiodownloaddw-a.akamaihd.net/Events/dwelle/deutschkurse/deutschtrainer/wortschatz/Deutschtrainer-Freitag.mp3
16 Dias da semana;der Samstag, die Samstage;o sábado;https://radiodownloaddw-a.akamaihd.net/Events/dwelle/deutschkurse/deutschtrainer/wortschatz/Deutschtrainer-Samstag.mp3
16 Dias da semana;der Sonntag, die Sonntage;o domingo;https://radiodownloaddw-a.akamaihd.net/Events/dwelle/deutschkurse/deutschtrainer/wortschatz/Deutschtrainer-Sonntag.mp3
16 Dias da semana;die Woche, die Wochen;a semana;https://radiodownloaddw-a.akamaihd.net/Events/dwelle/deutschkurse/deutschtrainer/wortschatz/Deutschtrainer-Woche.mp3
16 Dias da semana;diese Woche;nesta semana;https://radiodownloaddw-a.akamaihd.net/Events/dwelle/deutschkurse/deutschtrainer/wortschatz/Deutschtrainer-diese-Woche.mp3
16 Dias da semana;nächste Woche;na próxima semana;https://radiodownloaddw-a.akamaihd.net/Events/dwelle/deutschkurse/deutschtrainer/wortschatz/Deutschtrainer-naechste-Woche.mp3
16 Dias da semana;das Wochenende, die Wochenenden;o fim de semana;https://radiodownloaddw-a.akamaihd.net/Events/dwelle/deutschkurse/deutschtrainer/wortschatz/Deutschtrainer-Wochenende-1.mp3
16 Dias da semana;am Wochenende;no fim de semana;https://radiodownloaddw-a.akamaihd.net/Events/dwelle/deutschkurse/deutschtrainer/wortschatz/Deutschtrainer-am-Wochenende.mp3
16 Dias da semana;heute;hoje;https://radiodownloaddw-a.akamaihd.net/Events/dwelle/deutschkurse/deutschtrainer/wortschatz/Deutschtrainer-heute.mp3
16 Dias da semana;gestern;ontem;https://radiodownloaddw-a.akamaihd.net/Events/dwelle/deutschkurse/deutschtrainer/wortschatz/Deutschtrainer-gestern.mp3
16 Dias da semana;vorgestern;anteontem;https://radiodownloaddw-a.akamaihd.net/Events/dwelle/deutschkurse/deutschtrainer/wortschatz/Deutschtrainer-vorgestern.mp3
16 Dias da semana;morgen;amanhã;https://radiodownloaddw-a.akamaihd.net/Events/dwelle/deutschkurse/deutschtrainer/wortschatz/Deutschtrainer-morgen.mp3
16 Dias da semana;übermorgen;depois de amanhã;https://radiodownloaddw-a.akamaihd.net/Events/dwelle/deutschkurse/deutschtrainer/wortschatz/Deutschtrainer-uebermorgen.mp317 Horas;die Uhr, die Uhren;a hora;https://radiodownloaddw-a.akamaihd.net/Events/dwelle/deutschkurse/deutschtrainer/wortschatz/Deutschtrainer-Uhr.mp3
17 Horas;Entschuldigung, wie viel Uhr ist es?;Com licença, que horas são?;https://radiodownloaddw-a.akamaihd.net/Events/dwelle/deutschkurse/deutschtrainer/wortschatz/Deutschtrainer-Entschuldigung-wie-viel-Uhr-ist-es.mp3
17 Horas;Entschuldigung, wie spät ist es?;Com licença, que horas são?;https://radiodownloaddw-a.akamaihd.net/Events/dwelle/deutschkurse/deutschtrainer/wortschatz/Deutschtrainer-Entschuldigung-wie-spaet-ist-es.mp3
17 Horas;Es ist zwei Uhr.;São 2 horas.;https://radiodownloaddw-a.akamaihd.net/Events/dwelle/deutschkurse/deutschtrainer/wortschatz/Deutschtrainer-Es-ist-zwei-Uhr.mp3
17 Horas;Es ist 14 Uhr.;São 14 horas.;https://radiodownloaddw-a.akamaihd.net/Events/dwelle/deutschkurse/deutschtrainer/wortschatz/Deutschtrainer-Es-ist-14-Uhr.mp3
17 Horas;Es ist Viertel nach acht.;São oito e quinze.;https://radiodownloaddw-a.akamaihd.net/Events/dwelle/deutschkurse/deutschtrainer/wortschatz/Deutschtrainer-Es-ist-Viertel-nach-acht.mp3
17 Horas;Es ist halb drei.;São duas e meia.;https://radiodownloaddw-a.akamaihd.net/Events/dwelle/deutschkurse/deutschtrainer/wortschatz/Deutschtrainer-Es-ist-halb-drei.mp3
17 Horas;Es ist Viertel vor zwölf.;Faltam quinze para o meio-dia.;https://radiodownloaddw-a.akamaihd.net/Events/dwelle/deutschkurse/deutschtrainer/wortschatz/Deutschtrainer-Es-ist-Viertel-vor-zwoelf.mp3
17 Horas;Es ist zwanzig vor zehn.;Faltam vinte para as dez.;https://radiodownloaddw-a.akamaihd.net/Events/dwelle/deutschkurse/deutschtrainer/wortschatz/Deutschtrainer-Es-ist-zwanzig-vor-zehn.mp3
17 Horas;Es ist zehn nach sieben.;São sete e dez.;https://radiodownloaddw-a.akamaihd.net/Events/dwelle/deutschkurse/deutschtrainer/wortschatz/Deutschtrainer-Es-ist-zehn-nach-sieben.mp3
17 Horas;Wir treffen uns um 15 Uhr.;Nos encontramos às 15 horas.;https://radiodownloaddw-a.akamaihd.net/Events/dwelle/deutschkurse/deutschtrainer/wortschatz/Deutschtrainer-Wir-treffen-uns-um-15-Uhr.mp3
17 Horas;die Stunde, die Stunden;a hora;https://radiodownloaddw-a.akamaihd.net/Events/dwelle/deutschkurse/deutschtrainer/wortschatz/Deutschtrainer-Stunde.mp3
17 Horas;Das dauert eine halbe Stunde.;Isto demora meia hora.;https://radiodownloaddw-a.akamaihd.net/Events/dwelle/deutschkurse/deutschtrainer/wortschatz/Deutschtrainer-Das-dauert-eine-halbe-Stunde.mp3
17 Horas;die Minute, die Minuten;o minuto;https://radiodownloaddw-a.akamaihd.net/Events/dwelle/deutschkurse/deutschtrainer/wortschatz/Deutschtrainer-Minute.mp3
17 Horas;Es dauert fünf Minuten.;Isto leva cinco minutos.;https://radiodownloaddw-a.akamaihd.net/Events/dwelle/deutschkurse/deutschtrainer/wortschatz/Deutschtrainer-Es-dauert-fuenf-Minuten.mp3
17 Horas;Das geht von zwei bis drei Uhr.;Isto vai das duas às três horas.;https://radiodownloaddw-a.akamaihd.net/Events/dwelle/deutschkurse/deutschtrainer/wortschatz/Deutschtrainer-Das-geht-von-zwei-bis-drei-Uhr.mp318 Rotina diária;morgens;de manhã;https://radiodownloaddw-a.akamaihd.net/Events/dwelle/deutschkurse/deutschtrainer/wortschatz/Deutschtrainer-morgens.mp3
18 Rotina diária;Ich stehe um acht Uhr auf.;Eu me levanto às oito horas.;https://radiodownloaddw-a.akamaihd.net/Events/dwelle/deutschkurse/deutschtrainer/wortschatz/Deutschtrainer-Ich-stehe-um-acht-Uhr-auf.mp3
18 Rotina diária;frühstücken;tomar café da manhã;https://radiodownloaddw-a.akamaihd.net/Events/dwelle/deutschkurse/deutschtrainer/wortschatz/Deutschtrainer-fruehstuecken.mp3
18 Rotina diária;Ich putze mir die Zähne.;Eu escovo os dentes.;https://radiodownloaddw-a.akamaihd.net/Events/dwelle/deutschkurse/deutschtrainer/wortschatz/Deutschtrainer-Ich-putze-mir-die-Zaehne.mp3
18 Rotina diária;Ich dusche täglich.;Eu tomo banho diariamente.;https://radiodownloaddw-a.akamaihd.net/Events/dwelle/deutschkurse/deutschtrainer/wortschatz/Deutschtrainer-Ich-dusche-taeglich.mp3
18 Rotina diária;Ich wasche mir die Haare.;Eu lavo os cabelos.;https://radiodownloaddw-a.akamaihd.net/Events/dwelle/deutschkurse/deutschtrainer/wortschatz/Deutschtrainer-Ich-wasche-mir-die-Haare.mp3
18 Rotina diária;Ich ziehe mich an.;Eu me visto.;https://radiodownloaddw-a.akamaihd.net/Events/dwelle/deutschkurse/deutschtrainer/wortschatz/Deutschtrainer-Ich-ziehe-mich-an.mp3
18 Rotina diária;Um neun Uhr fahre ich zur Arbeit.;Às nove horas, eu vou para o trabalho.;https://radiodownloaddw-a.akamaihd.net/Events/dwelle/deutschkurse/deutschtrainer/wortschatz/Deutschtrainer-Um-neun-Uhr-fahre-ich-zur-Arbeit.mp3
18 Rotina diária;mittags;meio-dia;https://radiodownloaddw-a.akamaihd.net/Events/dwelle/deutschkurse/deutschtrainer/wortschatz/Deutschtrainer-mittags.mp3
18 Rotina diária;die Mittagspause, die Mittagspausen;a hora do almoço;https://radiodownloaddw-a.akamaihd.net/Events/dwelle/deutschkurse/deutschtrainer/wortschatz/Deutschtrainer-Mittagspause-1.mp3
18 Rotina diária;Um eins esse ich zu Mittag.;Eu almoço a uma da tarde.;https://radiodownloaddw-a.akamaihd.net/Events/dwelle/deutschkurse/deutschtrainer/wortschatz/Deutschtrainer-Um-eins-esse-ich-zu-Mittag.mp3
18 Rotina diária;abends;de noite (cedo);https://radiodownloaddw-a.akamaihd.net/Events/dwelle/deutschkurse/deutschtrainer/wortschatz/Deutschtrainer-abends.mp3
18 Rotina diária;Ich mache um 18:30 Uhr Feierabend.;Eu saio do trabalho às 18h30.;https://radiodownloaddw-a.akamaihd.net/Events/dwelle/deutschkurse/deutschtrainer/wortschatz/Deutschtrainer-Ich-mache-um-18-30-Uhr-Feierabend.mp3
18 Rotina diária;Ich gehe nach Hause.;Eu vou para a casa.;https://radiodownloaddw-a.akamaihd.net/Events/dwelle/deutschkurse/deutschtrainer/wortschatz/Deutschtrainer-Ich-gehe-nach-Hause.mp3
18 Rotina diária;nachts;de noite (tarde);https://radiodownloaddw-a.akamaihd.net/Events/dwelle/deutschkurse/deutschtrainer/wortschatz/Deutschtrainer-nachts.mp3
18 Rotina diária;Ich gehe um 22 Uhr ins Bett.;Eu vou para a cama às 22 horas.;https://radiodownloaddw-a.akamaihd.net/Events/dwelle/deutschkurse/deutschtrainer/wortschatz/Deutschtrainer-Ich-gehe-um-22-Uhr-ins-Bett.mp319 Cancelar compromissos;der Termin, die Termine;a hora marcada;https://radiodownloaddw-a.akamaihd.net/Events/dwelle/deutschkurse/deutschtrainer/wortschatz/Deutschtrainer-Termin.mp3
19 Cancelar compromissos;Ich hatte einen Termin.;Eu tinha um compromisso.;https://radiodownloaddw-a.akamaihd.net/Events/dwelle/deutschkurse/deutschtrainer/wortschatz/Deutschtrainer-Ich-hatte-einen-Termin.mp3
19 Cancelar compromissos;Ich muss den Termin leider absagen.;Infelizmente preciso cancelar o compromisso.;https://radiodownloaddw-a.akamaihd.net/Events/dwelle/deutschkurse/deutschtrainer/wortschatz/Deutschtrainer-Ich-muss-den-Termin-leider-absagen.mp3
19 Cancelar compromissos;Ich kann leider nicht kommen.;Infelizmente não posso ir.;https://radiodownloaddw-a.akamaihd.net/Events/dwelle/deutschkurse/deutschtrainer/wortschatz/Deutschtrainer-Ich-kann-leider-nicht-kommen.mp3
19 Cancelar compromissos;Ich schaffe es leider nicht.;Infelizmente não vou conseguir.;https://radiodownloaddw-a.akamaihd.net/Events/dwelle/deutschkurse/deutschtrainer/wortschatz/Deutschtrainer-Ich-schaffe-es-leider-nicht.mp3
19 Cancelar compromissos;Mir ist etwas dazwischengekommen.;Surgiu um imprevisto.;https://radiodownloaddw-a.akamaihd.net/Events/dwelle/deutschkurse/deutschtrainer/wortschatz/Deutschtrainer-Mir-ist-etwas-dazwischengekommen.mp3
19 Cancelar compromissos;Ich bin krank.;Eu estou doente.;https://radiodownloaddw-a.akamaihd.net/Events/dwelle/deutschkurse/deutschtrainer/wortschatz/Deutschtrainer-Ich-bin-krank-2.mp3
19 Cancelar compromissos;Ich habe einen wichtigen Termin.;Eu tenho um compromisso importante.;https://radiodownloaddw-a.akamaihd.net/Events/dwelle/deutschkurse/deutschtrainer/wortschatz/Deutschtrainer-Ich-habe-einen-wichtigen-Termin.mp3
19 Cancelar compromissos;Ich habe den Bus verpasst.;Eu perdi o ônibus.;https://radiodownloaddw-a.akamaihd.net/Events/dwelle/deutschkurse/deutschtrainer/wortschatz/Deutschtrainer-Ich-habe-den-Bus-verpasst.mp3
19 Cancelar compromissos;Ich komme etwas später.;Eu vou chegar um pouco mais tarde.;https://radiodownloaddw-a.akamaihd.net/Events/dwelle/deutschkurse/deutschtrainer/wortschatz/Deutschtrainer-Ich-komme-etwas-spaeter.mp3
19 Cancelar compromissos;Es tut mir leid.;Sinto muito.;https://radiodownloaddw-a.akamaihd.net/Events/dwelle/deutschkurse/deutschtrainer/wortschatz/Deutschtrainer-Es-tut-mir-leid.mp3
19 Cancelar compromissos;Können wir das verschieben?;Podemos adiar?;https://radiodownloaddw-a.akamaihd.net/Events/dwelle/deutschkurse/deutschtrainer/wortschatz/Deutschtrainer-Koennen-wir-das-verschieben.mp3
19 Cancelar compromissos;Das ist schade.;É uma pena.;https://radiodownloaddw-a.akamaihd.net/Events/dwelle/deutschkurse/deutschtrainer/wortschatz/Deutschtrainer-Das-ist-schade.mp3
19 Cancelar compromissos;Das macht nichts.;Não faz mal.;https://radiodownloaddw-a.akamaihd.net/Events/dwelle/deutschkurse/deutschtrainer/wortschatz/Deutschtrainer-Das-macht-nichts-2.mp3
19 Cancelar compromissos;Wir machen einen neuen Termin.;Vamos marcar uma nova data.;https://radiodownloaddw-a.akamaihd.net/Events/dwelle/deutschkurse/deutschtrainer/wortschatz/Deutschtrainer-Wir-machen-einen-neuen-Termin.mp320 Meios de transporte;der Nahverkehr;o transporte urbano;https://radiodownloaddw-a.akamaihd.net/Events/dwelle/deutschkurse/deutschtrainer/wortschatz/Deutschtrainer-Nahverkehr-Singular.mp3
20 Meios de transporte;der Bus, die Busse;o ônibus;https://radiodownloaddw-a.akamaihd.net/Events/dwelle/deutschkurse/deutschtrainer/wortschatz/Deutschtrainer-Bus.mp3
20 Meios de transporte;Ich fahre mit dem Bus.;Eu vou de ônibus.;https://radiodownloaddw-a.akamaihd.net/Events/dwelle/deutschkurse/deutschtrainer/wortschatz/Deutschtrainer-Ich-fahre-mit-dem-Bus.mp3
20 Meios de transporte;die U-Bahn, die U-Bahnen;o metrô;https://radiodownloaddw-a.akamaihd.net/Events/dwelle/deutschkurse/deutschtrainer/wortschatz/Deutschtrainer-U-Bahn.mp3
20 Meios de transporte;Ich nehme die U-Bahn.;Eu vou de metrô.;https://radiodownloaddw-a.akamaihd.net/Events/dwelle/deutschkurse/deutschtrainer/wortschatz/Deutschtrainer-Ich-nehme-die-U-Bahn.mp3
20 Meios de transporte;die Straßenbahn, die Straßenbahnen;o bonde;https://radiodownloaddw-a.akamaihd.net/Events/dwelle/deutschkurse/deutschtrainer/wortschatz/Deutschtrainer-Strassenbahn.mp3
20 Meios de transporte;Die Straßenbahn fährt zum Hauptbahnhof.;O bonde vai para a estação central.;https://radiodownloaddw-a.akamaihd.net/Events/dwelle/deutschkurse/deutschtrainer/wortschatz/Deutschtrainer-Die-Strassenbahn-faehrt-zum-Hauptbahnhof.mp3
20 Meios de transporte;die Haltestelle, die Haltestellen;a parada/o ponto;https://radiodownloaddw-a.akamaihd.net/Events/dwelle/deutschkurse/deutschtrainer/wortschatz/Deutschtrainer-Haltestelle.mp3
20 Meios de transporte;Sie müssen hier einsteigen.;O(a) senhor(a) deve subir aqui.;https://radiodownloaddw-a.akamaihd.net/Events/dwelle/deutschkurse/deutschtrainer/wortschatz/Deutschtrainer-Sie-muessen-hier-einsteigen.mp3
20 Meios de transporte;Sie müssen hier aussteigen.;O(a) senhor(a) deve descer aqui.;https://radiodownloaddw-a.akamaihd.net/Events/dwelle/deutschkurse/deutschtrainer/wortschatz/Deutschtrainer-Sie-muessen-hier-aussteigen.mp3
20 Meios de transporte;Sie müssen hier umsteigen.;O(a) senhor(a) deve trocar aqui.;https://radiodownloaddw-a.akamaihd.net/Events/dwelle/deutschkurse/deutschtrainer/wortschatz/Deutschtrainer-Sie-muessen-hier-umsteigen.mp3
20 Meios de transporte;das Fahrrad, die Fahrräder;a bicicleta;https://radiodownloaddw-a.akamaihd.net/Events/dwelle/deutschkurse/deutschtrainer/wortschatz/Deutschtrainer-Fahrrad-1.mp3
20 Meios de transporte;Ich fahre mit dem Fahrrad.;Eu vou de bicicleta.;https://radiodownloaddw-a.akamaihd.net/Events/dwelle/deutschkurse/deutschtrainer/wortschatz/Deutschtrainer-Ich-fahre-mit-dem-Fahrrad.mp3
20 Meios de transporte;das Auto, die Autos;o carro;https://radiodownloaddw-a.akamaihd.net/Events/dwelle/deutschkurse/deutschtrainer/wortschatz/Deutschtrainer-Auto-1.mp3
20 Meios de transporte;Ich fahre mit dem Auto.;Eu vou de carro.;https://radiodownloaddw-a.akamaihd.net/Events/dwelle/deutschkurse/deutschtrainer/wortschatz/Deutschtrainer-Ich-fahre-mit-dem-Auto.mp3
20 Meios de transporte;das Taxi, die Taxis;o táxi;https://radiodownloaddw-a.akamaihd.net/Events/dwelle/deutschkurse/deutschtrainer/wortschatz/Deutschtrainer-Taxi.mp321 Viajar;Ich möchte verreisen.;Eu gostaria de viajar.;https://radiodownloaddw-a.akamaihd.net/Events/dwelle/deutschkurse/deutschtrainer/wortschatz/Deutschtrainer-Ich-moechte-verreisen.mp3
21 Viajar;Wohin fährst du?;Para onde você vai?;https://radiodownloaddw-a.akamaihd.net/Events/dwelle/deutschkurse/deutschtrainer/wortschatz/Deutschtrainer-Wohin-faehrst-du.mp3
21 Viajar;Ich möchte nach Berlin fahren.;Gostaria de ir a Berlim.;https://radiodownloaddw-a.akamaihd.net/Events/dwelle/deutschkurse/deutschtrainer/wortschatz/Deutschtrainer-Ich-moechte-nach-Berlin-fahren.mp3
21 Viajar;Ich möchte Freunde besuchen.;Quero visitar amigos.;https://radiodownloaddw-a.akamaihd.net/Events/dwelle/deutschkurse/deutschtrainer/wortschatz/Deutschtrainer-Ich-moechte-Freunde-besuchen.mp3
21 Viajar;der Hauptbahnhof, die Hauptbahnhöfe;a estação ferroviária central;https://radiodownloaddw-a.akamaihd.net/Events/dwelle/deutschkurse/deutschtrainer/wortschatz/Deutschtrainer-Hauptbahnhof.mp3
21 Viajar;der Zug, die Züge;o trem;https://radiodownloaddw-a.akamaihd.net/Events/dwelle/deutschkurse/deutschtrainer/wortschatz/Deutschtrainer-Zug.mp3
21 Viajar;Entschuldigung, fährt der Zug nach Berlin?;Com licença, o trem vai para Berlim?;https://radiodownloaddw-a.akamaihd.net/Events/dwelle/deutschkurse/deutschtrainer/wortschatz/Deutschtrainer-Entschuldigung-faehrt-der-Zug-nach-Berlin.mp3
21 Viajar;Entschuldigung, wann fährt der Zug?;Com licença, quando o trem parte?;https://radiodownloaddw-a.akamaihd.net/Events/dwelle/deutschkurse/deutschtrainer/wortschatz/Deutschtrainer-Entschuldigung-wann-faehrt-der-Zug.mp3
21 Viajar;Der Zug fährt um 12:30 Uhr.;O trem parte às 12h30.;https://radiodownloaddw-a.akamaihd.net/Events/dwelle/deutschkurse/deutschtrainer/wortschatz/Deutschtrainer-Der-Zug-faehrt-um-12-30-Uhr.mp3
21 Viajar;Der Zug hat Verspätung.;O trem está atrasado.;https://radiodownloaddw-a.akamaihd.net/Events/dwelle/deutschkurse/deutschtrainer/wortschatz/Deutschtrainer-Der-Zug-hat-Verspaetung.mp3
21 Viajar;die Bahn, die Bahnen;o trem;https://radiodownloaddw-a.akamaihd.net/Events/dwelle/deutschkurse/deutschtrainer/wortschatz/Deutschtrainer-Bahn.mp3
21 Viajar;Die Bahn fährt nach Potsdam.;O trem vai para Potsdam.;https://radiodownloaddw-a.akamaihd.net/Events/dwelle/deutschkurse/deutschtrainer/wortschatz/Deutschtrainer-Die-Bahn-faehrt-nach-Potsdam.mp3
21 Viajar;der ICE, die ICEs;o ICE (trem de alta velocidade);https://radiodownloaddw-a.akamaihd.net/Events/dwelle/deutschkurse/deutschtrainer/wortschatz/Deutschtrainer-ICE.mp3
21 Viajar;Der ICE fährt nach München.;O ICE vai para Munique.;https://radiodownloaddw-a.akamaihd.net/Events/dwelle/deutschkurse/deutschtrainer/wortschatz/Deutschtrainer-Der-ICE-faehrt-nach-Muenchen.mp3
21 Viajar;das Flugzeug, die Flugzeuge;o avião;https://radiodownloaddw-a.akamaihd.net/Events/dwelle/deutschkurse/deutschtrainer/wortschatz/Deutschtrainer-Flugzeug.mp3
21 Viajar;Ich fliege nach Ägypten.;Vou para o Egito.;https://radiodownloaddw-a.akamaihd.net/Events/dwelle/deutschkurse/deutschtrainer/wortschatz/Deutschtrainer-Ich-fliege-nach-Aegypten.mp3
21 Viajar;die Fähre, die Fähren;a balsa/o ferry boat;https://radiodownloaddw-a.akamaihd.net/Events/dwelle/deutschkurse/deutschtrainer/wortschatz/Deutschtrainer-Faehre.mp322 Passagem de trem;die Fahrkarte, die Fahrkarten;o bilhete/a passagem;https://radiodownloaddw-a.akamaihd.net/Events/dwelle/deutschkurse/deutschtrainer/wortschatz/Deutschtrainer-Fahrkarte.mp3
22 Passagem de trem;das Ticket, die Tickets;o bilhete/a passagem;https://radiodownloaddw-a.akamaihd.net/Events/dwelle/deutschkurse/deutschtrainer/wortschatz/Deutschtrainer-Ticket.mp3
22 Passagem de trem;Entschuldigung, wo kann ich eine Fahrkarte kaufen?;Com licença, onde posso comprar uma passagem?;https://radiodownloaddw-a.akamaihd.net/Events/dwelle/deutschkurse/deutschtrainer/wortschatz/Deutschtrainer-Entschuldigung-wo-kann-ich-eine-Fahrkarte-kaufen.mp3
22 Passagem de trem;Entschuldigung, ich brauche ein Ticket nach Berlin.;Com licença, preciso de uma passagem para Berlim.;https://radiodownloaddw-a.akamaihd.net/Events/dwelle/deutschkurse/deutschtrainer/wortschatz/Deutschtrainer-Entschuldigung-ich-brauche-ein-Ticket-nach-Berlin.mp3
22 Passagem de trem;Entschuldigung, wie viel kostet eine Fahrkarte nach München?;Com licença, quanto custa uma passagem para Munique?;https://radiodownloaddw-a.akamaihd.net/Events/dwelle/deutschkurse/deutschtrainer/wortschatz/Deutschtrainer-Entschuldigung-wie-viel-kostet-eine-Fahrkarte-nach-Muenchen.mp3
22 Passagem de trem;einfache Fahrt;viagem só de ida;https://radiodownloaddw-a.akamaihd.net/Events/dwelle/deutschkurse/deutschtrainer/wortschatz/Deutschtrainer-einfache-Fahrt-Singular.mp3
22 Passagem de trem;hin und zurück;ida e volta;https://radiodownloaddw-a.akamaihd.net/Events/dwelle/deutschkurse/deutschtrainer/wortschatz/Deutschtrainer-hin-und-zurueck.mp3
22 Passagem de trem;Ich möchte einen Sitzplatz reservieren bitte.;Eu gostaria de reservar um assento, por favor.;https://radiodownloaddw-a.akamaihd.net/Events/dwelle/deutschkurse/deutschtrainer/wortschatz/Deutschtrainer-Ich-moechte-einen-Sitzplatz-reservieren-bitte.mp3
22 Passagem de trem;das Abteil, die Abteile;o compartimento;https://radiodownloaddw-a.akamaihd.net/Events/dwelle/deutschkurse/deutschtrainer/wortschatz/Deutschtrainer-Abteil.mp3
22 Passagem de trem;der Großraumwagen, die Großraumwagen;o vagão sem compartimentos;https://radiodownloaddw-a.akamaihd.net/Events/dwelle/deutschkurse/deutschtrainer/wortschatz/Deutschtrainer-Grossraumwagen.mp3
22 Passagem de trem;für die erste Klasse;para a primeira classe;https://radiodownloaddw-a.akamaihd.net/Events/dwelle/deutschkurse/deutschtrainer/wortschatz/Deutschtrainer-fuer-die-erste-Klasse.mp3
22 Passagem de trem;für die zweite Klasse;para a segunda classe;https://radiodownloaddw-a.akamaihd.net/Events/dwelle/deutschkurse/deutschtrainer/wortschatz/Deutschtrainer-fuer-die-zweite-Klasse.mp3
22 Passagem de trem;am Fenster;na janela;https://radiodownloaddw-a.akamaihd.net/Events/dwelle/deutschkurse/deutschtrainer/wortschatz/Deutschtrainer-am-Fenster.mp3
22 Passagem de trem;am Gang;no corredor;https://radiodownloaddw-a.akamaihd.net/Events/dwelle/deutschkurse/deutschtrainer/wortschatz/Deutschtrainer-am-Gang.mp323 Na cidade;das Zentrum, die Zentren;o centro;https://radiodownloaddw-a.akamaihd.net/Events/dwelle/deutschkurse/deutschtrainer/wortschatz/Deutschtrainer-Zentrum.mp3
23 Na cidade;der Marktplatz, die Marktplätze;a praça do mercado;https://radiodownloaddw-a.akamaihd.net/Events/dwelle/deutschkurse/deutschtrainer/wortschatz/Deutschtrainer-Marktplatz.mp3
23 Na cidade;das Rathaus, die Rathäuser;a prefeitura;https://radiodownloaddw-a.akamaihd.net/Events/dwelle/deutschkurse/deutschtrainer/wortschatz/Deutschtrainer-Rathaus.mp3
23 Na cidade;die Post;o correio;https://radiodownloaddw-a.akamaihd.net/Events/dwelle/deutschkurse/deutschtrainer/wortschatz/Deutschtrainer-Post-Singular.mp3
23 Na cidade;Entschuldigung, wo ist die Post?;Com licença, onde fica o correio?;https://radiodownloaddw-a.akamaihd.net/Events/dwelle/deutschkurse/deutschtrainer/wortschatz/Deutschtrainer-Entschuldigung-wo-ist-die-Post.mp3
23 Na cidade;die Schule, die Schulen;a escola;https://radiodownloaddw-a.akamaihd.net/Events/dwelle/deutschkurse/deutschtrainer/wortschatz/Deutschtrainer-Schule-1.mp3
23 Na cidade;der Supermarkt, die Supermärkte;o supermercado;https://radiodownloaddw-a.akamaihd.net/Events/dwelle/deutschkurse/deutschtrainer/wortschatz/Deutschtrainer-Supermarkt.mp3
23 Na cidade;Der Supermarkt ist in der Nähe.;O supermercado fica perto.;https://radiodownloaddw-a.akamaihd.net/Events/dwelle/deutschkurse/deutschtrainer/wortschatz/Deutschtrainer-Der-Supermarkt-ist-in-der-Naehe.mp3
23 Na cidade;das Kino, die Kinos;o cinema;https://radiodownloaddw-a.akamaihd.net/Events/dwelle/deutschkurse/deutschtrainer/wortschatz/Deutschtrainer-Kino.mp3
23 Na cidade;die Bank, die Banken;o banco;https://radiodownloaddw-a.akamaihd.net/Events/dwelle/deutschkurse/deutschtrainer/wortschatz/Deutschtrainer-Bank-iSv-Geldinstitut-1.mp3
23 Na cidade;Entschuldigung, gibt es hier eine Bank?;Com licença, existe um banco por aqui?;https://radiodownloaddw-a.akamaihd.net/Events/dwelle/deutschkurse/deutschtrainer/wortschatz/Deutschtrainer-Entschuldigung-gibt-es-hier-eine-Bank.mp3
23 Na cidade;der Geldautomat, die Geldautomaten;o caixa eletrônico;https://radiodownloaddw-a.akamaihd.net/Events/dwelle/deutschkurse/deutschtrainer/wortschatz/Deutschtrainer-Geldautomat.mp3
23 Na cidade;die Bushaltestelle, die Bushaltestellen;o ponto de ônibus;https://radiodownloaddw-a.akamaihd.net/Events/dwelle/deutschkurse/deutschtrainer/wortschatz/Deutschtrainer-Bushaltestelle.mp3
23 Na cidade;die öffentliche Toilette, die öffentlichen Toiletten;o banheiro público;https://radiodownloaddw-a.akamaihd.net/Events/dwelle/deutschkurse/deutschtrainer/wortschatz/Deutschtrainer-oeffentliche-Toilette.mp324 Informar o caminho;Entschuldigung, wie komme ich zum Hauptbahnhof?;Com licença, como chego à estação central?;https://radiodownloaddw-a.akamaihd.net/Events/dwelle/deutschkurse/deutschtrainer/wortschatz/Deutschtrainer-Entschuldigung-wie-komme-ich-zum-Hauptbahnhof.mp3
24 Informar o caminho;Entschuldigung, kennen Sie diese Adresse?;Com licença, o(a) senhor(a) conhece este endereço?;https://radiodownloaddw-a.akamaihd.net/Events/dwelle/deutschkurse/deutschtrainer/wortschatz/Deutschtrainer-Entschuldigung-kennen-Sie-diese-Adresse.mp3
24 Informar o caminho;geradeaus;em frente;https://radiodownloaddw-a.akamaihd.net/Events/dwelle/deutschkurse/deutschtrainer/wortschatz/Deutschtrainer-geradeaus.mp3
24 Informar o caminho;Gehen Sie geradeaus.;Siga em frente.;https://radiodownloaddw-a.akamaihd.net/Events/dwelle/deutschkurse/deutschtrainer/wortschatz/Deutschtrainer-Gehen-Sie-geradeaus.mp3
24 Informar o caminho;rechts;direita;https://radiodownloaddw-a.akamaihd.net/Events/dwelle/deutschkurse/deutschtrainer/wortschatz/Deutschtrainer-rechts.mp3
24 Informar o caminho;Biegen Sie rechts ab.;Vire à direita.;https://radiodownloaddw-a.akamaihd.net/Events/dwelle/deutschkurse/deutschtrainer/wortschatz/Deutschtrainer-Biegen-Sie-rechts-ab.mp3
24 Informar o caminho;links;esquerda;https://radiodownloaddw-a.akamaihd.net/Events/dwelle/deutschkurse/deutschtrainer/wortschatz/Deutschtrainer-links.mp3
24 Informar o caminho;die Straße, die Straßen;a rua;https://radiodownloaddw-a.akamaihd.net/Events/dwelle/deutschkurse/deutschtrainer/wortschatz/Deutschtrainer-Strasse.mp3
24 Informar o caminho;Nehmen Sie die nächste Straße links.;Vire na próxima rua à esquerda.;https://radiodownloaddw-a.akamaihd.net/Events/dwelle/deutschkurse/deutschtrainer/wortschatz/Deutschtrainer-Nehmen-Sie-die-naechste-Strasse-links.mp3
24 Informar o caminho;an der Ampel;no semáforo;https://radiodownloaddw-a.akamaihd.net/Events/dwelle/deutschkurse/deutschtrainer/wortschatz/Deutschtrainer-an-der-Ampel.mp3
24 Informar o caminho;an der Kreuzung;no cruzamento;https://radiodownloaddw-a.akamaihd.net/Events/dwelle/deutschkurse/deutschtrainer/wortschatz/Deutschtrainer-an-der-Kreuzung.mp3
24 Informar o caminho;der Meter, die Meter;o metro;https://radiodownloaddw-a.akamaihd.net/Events/dwelle/deutschkurse/deutschtrainer/wortschatz/Deutschtrainer-Meter.mp3
24 Informar o caminho;100 Meter;100 metros;https://radiodownloaddw-a.akamaihd.net/Events/dwelle/deutschkurse/deutschtrainer/wortschatz/Deutschtrainer-100-Meter.mp3
24 Informar o caminho;500 Meter;500 metros;https://radiodownloaddw-a.akamaihd.net/Events/dwelle/deutschkurse/deutschtrainer/wortschatz/Deutschtrainer-500-Meter.mp3
24 Informar o caminho;zu Fuß;a pé;https://radiodownloaddw-a.akamaihd.net/Events/dwelle/deutschkurse/deutschtrainer/wortschatz/Deutschtrainer-zu-Fuss.mp325 Cores;die Farbe, die Farben;a cor;https://radiodownloaddw-a.akamaihd.net/Events/dwelle/deutschkurse/deutschtrainer/wortschatz/Deutschtrainer-Farbe.mp3
25 Cores;weiß;branco;https://radiodownloaddw-a.akamaihd.net/Events/dwelle/deutschkurse/deutschtrainer/wortschatz/Deutschtrainer-weiss-iSv-Farbe.mp3
25 Cores;Das ist weiß.;Isto é branco.;https://radiodownloaddw-a.akamaihd.net/Events/dwelle/deutschkurse/deutschtrainer/wortschatz/Deutschtrainer-Das-ist-weiss.mp3
25 Cores;gelb;amarelo;https://radiodownloaddw-a.akamaihd.net/Events/dwelle/deutschkurse/deutschtrainer/wortschatz/Deutschtrainer-gelb.mp3
25 Cores;orange;laranja;https://radiodownloaddw-a.akamaihd.net/Events/dwelle/deutschkurse/deutschtrainer/wortschatz/Deutschtrainer-orange-Adjektiv.mp3
25 Cores;rot;vermelho;https://radiodownloaddw-a.akamaihd.net/Events/dwelle/deutschkurse/deutschtrainer/wortschatz/Deutschtrainer-rot.mp3
25 Cores;rosa;rosa;https://radiodownloaddw-a.akamaihd.net/Events/dwelle/deutschkurse/deutschtrainer/wortschatz/Deutschtrainer-rosa.mp3
25 Cores;lila;lilás;https://radiodownloaddw-a.akamaihd.net/Events/dwelle/deutschkurse/deutschtrainer/wortschatz/Deutschtrainer-lila.mp3
25 Cores;blau;azul;https://radiodownloaddw-a.akamaihd.net/Events/dwelle/deutschkurse/deutschtrainer/wortschatz/Deutschtrainer-blau.mp3
25 Cores;hellblau;azul-claro;https://radiodownloaddw-a.akamaihd.net/Events/dwelle/deutschkurse/deutschtrainer/wortschatz/Deutschtrainer-hellblau.mp3
25 Cores;dunkelblau;azul-escuro;https://radiodownloaddw-a.akamaihd.net/Events/dwelle/deutschkurse/deutschtrainer/wortschatz/Deutschtrainer-dunkelblau.mp3
25 Cores;grün;verde;https://radiodownloaddw-a.akamaihd.net/Events/dwelle/deutschkurse/deutschtrainer/wortschatz/Deutschtrainer-gruen.mp3
25 Cores;braun;marrom;https://radiodownloaddw-a.akamaihd.net/Events/dwelle/deutschkurse/deutschtrainer/wortschatz/Deutschtrainer-braun.mp3
25 Cores;grau;cinza;https://radiodownloaddw-a.akamaihd.net/Events/dwelle/deutschkurse/deutschtrainer/wortschatz/Deutschtrainer-grau.mp3
25 Cores;schwarz;preto;https://radiodownloaddw-a.akamaihd.net/Events/dwelle/deutschkurse/deutschtrainer/wortschatz/Deutschtrainer-schwarz.mp3
25 Cores;bunt;colorido;https://radiodownloaddw-a.akamaihd.net/Events/dwelle/deutschkurse/deutschtrainer/wortschatz/Deutschtrainer-bunt.mp326 Refeições;das Essen, die Essen;a comida;https://radiodownloaddw-a.akamaihd.net/Events/dwelle/deutschkurse/deutschtrainer/wortschatz/Deutschtrainer-Essen-Substantiv.mp3
26 Refeições;Das Essen ist fertig.;A comida está pronta.;https://radiodownloaddw-a.akamaihd.net/Events/dwelle/deutschkurse/deutschtrainer/wortschatz/Deutschtrainer-Das-Essen-ist-fertig.mp3
26 Refeições;Ich habe Hunger.;Eu estou com fome.;https://radiodownloaddw-a.akamaihd.net/Events/dwelle/deutschkurse/deutschtrainer/wortschatz/Deutschtrainer-Ich-habe-Hunger.mp3
26 Refeições;Guten Appetit!;Bom apetite!;https://radiodownloaddw-a.akamaihd.net/Events/dwelle/deutschkurse/deutschtrainer/wortschatz/Deutschtrainer-Guten-Appetit.mp3
26 Refeições;das Frühstück, die Frühstücke;o café da manhã;https://radiodownloaddw-a.akamaihd.net/Events/dwelle/deutschkurse/deutschtrainer/wortschatz/Deutschtrainer-Fruehstueck-1.mp3
26 Refeições;Wir frühstücken um acht Uhr.;Nós tomamos o café da manhã às oito horas.;https://radiodownloaddw-a.akamaihd.net/Events/dwelle/deutschkurse/deutschtrainer/wortschatz/Deutschtrainer-Wir-fruehstuecken-um-acht-Uhr.mp3
26 Refeições;das Mittagessen, die Mittagessen;o almoço;https://radiodownloaddw-a.akamaihd.net/Events/dwelle/deutschkurse/deutschtrainer/wortschatz/Deutschtrainer-Mittagessen.mp3
26 Refeições;Um zwölf gibt es Mittagessen.;O almoço sai ao meio-dia.;https://radiodownloaddw-a.akamaihd.net/Events/dwelle/deutschkurse/deutschtrainer/wortschatz/Deutschtrainer-Um-zwoelf-gibt-es-Mittagessen.mp3
26 Refeições;das Abendessen, die Abendessen;o jantar/a janta;https://radiodownloaddw-a.akamaihd.net/Events/dwelle/deutschkurse/deutschtrainer/wortschatz/Deutschtrainer-Abendessen.mp3
26 Refeições;Wir essen um 20 Uhr zu Abend.;Nós jantamos às 20 horas.;https://radiodownloaddw-a.akamaihd.net/Events/dwelle/deutschkurse/deutschtrainer/wortschatz/Deutschtrainer-Wir-essen-um-20-Uhr-zu-Abend.mp3
26 Refeições;der Nachtisch, die Nachtische;a sobremesa;https://radiodownloaddw-a.akamaihd.net/Events/dwelle/deutschkurse/deutschtrainer/wortschatz/Deutschtrainer-Nachtisch-1.mp3
26 Refeições;Was gibt’s zum Nachtisch?;O que tem de sobremesa?;https://radiodownloaddw-a.akamaihd.net/Events/dwelle/deutschkurse/deutschtrainer/wortschatz/Deutschtrainer-Was-gibts-zum-Nachtisch.mp3
26 Refeições;Ich bin satt.;Estou satisfeito(a).;https://radiodownloaddw-a.akamaihd.net/Events/dwelle/deutschkurse/deutschtrainer/wortschatz/Deutschtrainer-Ich-bin-satt.mp327 Compras;Entschuldigung, wo finde ich Waschmittel?;Com licença, onde encontro produtos para lavar roupa?;https://radiodownloaddw-a.akamaihd.net/Events/dwelle/deutschkurse/deutschtrainer/wortschatz/Deutschtrainer-Entschuldigung-wo-finde-ich-Waschmittel.mp3
27 Compras;Entschuldigung, was kostet das?;Com licença, quanto custa isto?;https://radiodownloaddw-a.akamaihd.net/Events/dwelle/deutschkurse/deutschtrainer/wortschatz/Deutschtrainer-Entschuldigung-was-kostet-das.mp3
27 Compras;Das kostet 99 Cent.;Isto custa 99 centavos.;https://radiodownloaddw-a.akamaihd.net/Events/dwelle/deutschkurse/deutschtrainer/wortschatz/Deutschtrainer-Das-kostet-99-Cent.mp3
27 Compras;Das macht 10 Euro.;São dez euros ao todo.;https://radiodownloaddw-a.akamaihd.net/Events/dwelle/deutschkurse/deutschtrainer/wortschatz/Deutschtrainer-Das-macht-10-Euro.mp3
27 Compras;Wo ist die Kasse bitte?;Onde é a caixa, por favor?;https://radiodownloaddw-a.akamaihd.net/Events/dwelle/deutschkurse/deutschtrainer/wortschatz/Deutschtrainer-Wo-ist-die-Kasse-bitte.mp3
27 Compras;Zahlen Sie bar?;O(A) senhor(a) vai pagar em dinheiro?;https://radiodownloaddw-a.akamaihd.net/Events/dwelle/deutschkurse/deutschtrainer/wortschatz/Deutschtrainer-Zahlen-Sie-bar.mp3
27 Compras;Ich möchte mit Karte zahlen.;Eu gostaria de pagar com cartão.;https://radiodownloaddw-a.akamaihd.net/Events/dwelle/deutschkurse/deutschtrainer/wortschatz/Deutschtrainer-Ich-moechte-mit-Karte-zahlen.mp3
27 Compras;Wir akzeptieren keine Kreditkarten.;Nós não aceitamos cartão de crédito.;https://radiodownloaddw-a.akamaihd.net/Events/dwelle/deutschkurse/deutschtrainer/wortschatz/Deutschtrainer-Wir-akzeptieren-keine-Kreditkarten.mp3
27 Compras;Das ist ein Sonderangebot.;Isto está em oferta.;https://radiodownloaddw-a.akamaihd.net/Events/dwelle/deutschkurse/deutschtrainer/wortschatz/Deutschtrainer-Das-ist-ein-Sonderangebot.mp3
27 Compras;etwas kaufen;comprar algo;https://radiodownloaddw-a.akamaihd.net/Events/dwelle/deutschkurse/deutschtrainer/wortschatz/Deutschtrainer-kaufen.mp3
27 Compras;Ich kaufe Seife.;Eu estou comprando sabonete.;https://radiodownloaddw-a.akamaihd.net/Events/dwelle/deutschkurse/deutschtrainer/wortschatz/Deutschtrainer-Ich-kaufe-Seife.mp3
27 Compras;Das ist zu teuer.;É caro demais.;https://radiodownloaddw-a.akamaihd.net/Events/dwelle/deutschkurse/deutschtrainer/wortschatz/Deutschtrainer-Das-ist-zu-teuer.mp3
27 Compras;Möchten Sie eine Tüte?;O(A) senhor(a) quer uma sacola?;https://radiodownloaddw-a.akamaihd.net/Events/dwelle/deutschkurse/deutschtrainer/wortschatz/Deutschtrainer-Moechten-Sie-eine-Tuete.mp3
27 Compras;Bitte sehr.;Aqui está.;https://radiodownloaddw-a.akamaihd.net/Events/dwelle/deutschkurse/deutschtrainer/wortschatz/Deutschtrainer-Bitte-sehr.mp3
27 Compras;Danke schön.;Obrigado(a).;https://radiodownloaddw-a.akamaihd.net/Events/dwelle/deutschkurse/deutschtrainer/wortschatz/Deutschtrainer-Danke-schoen.mp328 Comprar alimentos;das Brot, die Brote;o pão;https://radiodownloaddw-a.akamaihd.net/Events/dwelle/deutschkurse/deutschtrainer/wortschatz/Deutschtrainer-Brot.mp3
28 Comprar alimentos;Ich hätte gerne ein Brot.;Eu queria um pão, por favor.;https://radiodownloaddw-a.akamaihd.net/Events/dwelle/deutschkurse/deutschtrainer/wortschatz/Deutschtrainer-Ich-haette-gerne-ein-Brot.mp3
28 Comprar alimentos;der Käse;o queijo;https://radiodownloaddw-a.akamaihd.net/Events/dwelle/deutschkurse/deutschtrainer/wortschatz/Deutschtrainer-Kaese-Singular.mp3
28 Comprar alimentos;Ich möchte Käse kaufen.;Eu gostaria de comprar queijo.;https://radiodownloaddw-a.akamaihd.net/Events/dwelle/deutschkurse/deutschtrainer/wortschatz/Deutschtrainer-Ich-moechte-Kaese-kaufen.mp3
28 Comprar alimentos;der Reis;o arroz;https://radiodownloaddw-a.akamaihd.net/Events/dwelle/deutschkurse/deutschtrainer/wortschatz/Deutschtrainer-Reis-Singular.mp3
28 Comprar alimentos;Haben Sie Reis?;O(a) senhor(a) tem arroz?;https://radiodownloaddw-a.akamaihd.net/Events/dwelle/deutschkurse/deutschtrainer/wortschatz/Deutschtrainer-Haben-Sie-Reis.mp3
28 Comprar alimentos;die Nudel, die Nudeln;o macarrão;https://radiodownloaddw-a.akamaihd.net/Events/dwelle/deutschkurse/deutschtrainer/wortschatz/Deutschtrainer-Nudel.mp3
28 Comprar alimentos;Wo finde ich Nudeln?;Onde encontro macarrão?;https://radiodownloaddw-a.akamaihd.net/Events/dwelle/deutschkurse/deutschtrainer/wortschatz/Deutschtrainer-Wo-finde-ich-Nudeln.mp3
28 Comprar alimentos;der Joghurt, die Joghurts;o iogurte;https://radiodownloaddw-a.akamaihd.net/Events/dwelle/deutschkurse/deutschtrainer/wortschatz/Deutschtrainer-Joghurt.mp3
28 Comprar alimentos;das Ei, die Eier;o ovo;https://radiodownloaddw-a.akamaihd.net/Events/dwelle/deutschkurse/deutschtrainer/wortschatz/Deutschtrainer-Ei.mp3
28 Comprar alimentos;Ich möchte sechs Eier bitte.;Meia dúzia de ovos, por favor.;https://radiodownloaddw-a.akamaihd.net/Events/dwelle/deutschkurse/deutschtrainer/wortschatz/Deutschtrainer-Ich-moechte-sechs-Eier-bitte.mp3
28 Comprar alimentos;die Butter;a manteiga;https://radiodownloaddw-a.akamaihd.net/Events/dwelle/deutschkurse/deutschtrainer/wortschatz/Deutschtrainer-Butter-Singular-1.mp3
28 Comprar alimentos;die Wurst, die Würste;o embutido/a linguiça/a salsicha;https://radiodownloaddw-a.akamaihd.net/Events/dwelle/deutschkurse/deutschtrainer/wortschatz/Deutschtrainer-Wurst.mp3
28 Comprar alimentos;Ich hätte gerne 100 Gramm Wurst.;Eu gostaria de 100 gramas de linguiça.;https://radiodownloaddw-a.akamaihd.net/Events/dwelle/deutschkurse/deutschtrainer/wortschatz/Deutschtrainer-Ich-haette-gerne-100-Gramm-Wurst.mp3
28 Comprar alimentos;das Fleisch;a carne;https://radiodownloaddw-a.akamaihd.net/Events/dwelle/deutschkurse/deutschtrainer/wortschatz/Deutschtrainer-Fleisch-Singular.mp3
28 Comprar alimentos;Ich möchte ein halbes Kilo Fleisch.;Eu queria meio quilo de carne.;https://radiodownloaddw-a.akamaihd.net/Events/dwelle/deutschkurse/deutschtrainer/wortschatz/Deutschtrainer-Ich-moechte-ein-halbes-Kilo-Fleisch.mp3
28 Comprar alimentos;das Rindfleisch;a carne bovina;https://radiodownloaddw-a.akamaihd.net/Events/dwelle/deutschkurse/deutschtrainer/wortschatz/Deutschtrainer-Rindfleisch-Singular.mp3
28 Comprar alimentos;das Schweinefleisch;a carne de porco;https://radiodownloaddw-a.akamaihd.net/Events/dwelle/deutschkurse/deutschtrainer/wortschatz/Deutschtrainer-Schweinefleisch-Singular.mp3
28 Comprar alimentos;das Hähnchen, die Hähnchen;o frango;https://radiodownloaddw-a.akamaihd.net/Events/dwelle/deutschkurse/deutschtrainer/wortschatz/Deutschtrainer-Haehnchen.mp3
28 Comprar alimentos;der Fisch, die Fische;o peixe;https://radiodownloaddw-a.akamaihd.net/Events/dwelle/deutschkurse/deutschtrainer/wortschatz/Deutschtrainer-Fisch-1.mp329 Comprar frutas;das Obst;a fruta;https://radiodownloaddw-a.akamaihd.net/Events/dwelle/deutschkurse/deutschtrainer/wortschatz/Deutschtrainer-Obst-Singular.mp3
29 Comprar frutas;Ich möchte Obst kaufen.;Eu gostaria de comprar frutas.;https://radiodownloaddw-a.akamaihd.net/Events/dwelle/deutschkurse/deutschtrainer/wortschatz/Deutschtrainer-Ich-moechte-Obst-kaufen.mp3
29 Comprar frutas;der Apfel, die Äpfel;a maçã;https://radiodownloaddw-a.akamaihd.net/Events/dwelle/deutschkurse/deutschtrainer/wortschatz/Deutschtrainer-Apfel.mp3
29 Comprar frutas;Ich möchte ein Kilo Äpfel bitte.;Eu gostaria de um quilo de maçã, por favor.;https://radiodownloaddw-a.akamaihd.net/Events/dwelle/deutschkurse/deutschtrainer/wortschatz/Deutschtrainer-Ich-moechte-ein-Kilo-Aepfel-bitte.mp3
29 Comprar frutas;die Banane, die Bananen;a banana;https://radiodownloaddw-a.akamaihd.net/Events/dwelle/deutschkurse/deutschtrainer/wortschatz/Deutschtrainer-Banane.mp3
29 Comprar frutas;Ein Kilo Bananen bitte.;Um quilo de banana, por favor.;https://radiodownloaddw-a.akamaihd.net/Events/dwelle/deutschkurse/deutschtrainer/wortschatz/Deutschtrainer-Ein-Kilo-Bananen-bitte.mp3
29 Comprar frutas;die Orange, die Orangen;a laranja;https://radiodownloaddw-a.akamaihd.net/Events/dwelle/deutschkurse/deutschtrainer/wortschatz/Deutschtrainer-Orange-Substantiv.mp3
29 Comprar frutas;Fünf Orangen bitte.;Cinco laranjas, por favor.;https://radiodownloaddw-a.akamaihd.net/Events/dwelle/deutschkurse/deutschtrainer/wortschatz/Deutschtrainer-Fuenf-Orangen-bitte.mp3
29 Comprar frutas;die Kirsche, die Kirschen;a cereja;https://radiodownloaddw-a.akamaihd.net/Events/dwelle/deutschkurse/deutschtrainer/wortschatz/Deutschtrainer-Kirsche.mp3
29 Comprar frutas;die Pflaume, die Pflaumen;a ameixa;https://radiodownloaddw-a.akamaihd.net/Events/dwelle/deutschkurse/deutschtrainer/wortschatz/Deutschtrainer-Pflaume.mp3
29 Comprar frutas;die Erdbeere, die Erdbeeren;o morango;https://radiodownloaddw-a.akamaihd.net/Events/dwelle/deutschkurse/deutschtrainer/wortschatz/Deutschtrainer-Erdbeere.mp3
29 Comprar frutas;die Weintraube, die Weintrauben;a uva;https://radiodownloaddw-a.akamaihd.net/Events/dwelle/deutschkurse/deutschtrainer/wortschatz/Deutschtrainer-Weintraube.mp3
29 Comprar frutas;die Himbeere, die Himbeeren;a framboesa;https://radiodownloaddw-a.akamaihd.net/Events/dwelle/deutschkurse/deutschtrainer/wortschatz/Deutschtrainer-Himbeere.mp3
29 Comprar frutas;die Zitrone, die Zitronen;o limão;https://radiodownloaddw-a.akamaihd.net/Events/dwelle/deutschkurse/deutschtrainer/wortschatz/Deutschtrainer-Zitrone.mp3
29 Comprar frutas;der Saft, die Säfte;o suco;https://radiodownloaddw-a.akamaihd.net/Events/dwelle/deutschkurse/deutschtrainer/wortschatz/Deutschtrainer-Saft.mp3
29 Comprar frutas;der Obstsalat, die Obstsalate;a salada de frutas;https://radiodownloaddw-a.akamaihd.net/Events/dwelle/deutschkurse/deutschtrainer/wortschatz/Deutschtrainer-Obstsalat.mp330 Legumes e verduras;das Gemüse;o legume/a verdura;https://radiodownloaddw-a.akamaihd.net/Events/dwelle/deutschkurse/deutschtrainer/wortschatz/Deutschtrainer-Gemuese-Singular.mp3
30 Legumes e verduras;die Gurke, die Gurken;o pepino;https://radiodownloaddw-a.akamaihd.net/Events/dwelle/deutschkurse/deutschtrainer/wortschatz/Deutschtrainer-Gurke.mp3
30 Legumes e verduras;Ich möchte zwei Gurken kaufen.;Eu gostaria de comprar dois pepinos.;https://radiodownloaddw-a.akamaihd.net/Events/dwelle/deutschkurse/deutschtrainer/wortschatz/Deutschtrainer-Ich-moechte-zwei-Gurken-kaufen.mp3
30 Legumes e verduras;die Tomate, die Tomaten;o tomate;https://radiodownloaddw-a.akamaihd.net/Events/dwelle/deutschkurse/deutschtrainer/wortschatz/Deutschtrainer-Tomate.mp3
30 Legumes e verduras;die Zwiebel, die Zwiebeln;a cebola;https://radiodownloaddw-a.akamaihd.net/Events/dwelle/deutschkurse/deutschtrainer/wortschatz/Deutschtrainer-Zwiebel.mp3
30 Legumes e verduras;Ein Kilo Zwiebeln bitte.;Um quilo de cebola, por favor.;https://radiodownloaddw-a.akamaihd.net/Events/dwelle/deutschkurse/deutschtrainer/wortschatz/Deutschtrainer-Ein-Kilo-Zwiebeln-bitte.mp3
30 Legumes e verduras;die Paprika, die Paprika;o pimentão;https://radiodownloaddw-a.akamaihd.net/Events/dwelle/deutschkurse/deutschtrainer/wortschatz/Deutschtrainer-Paprika.mp3
30 Legumes e verduras;die Möhre, die Möhren;a cenoura;https://radiodownloaddw-a.akamaihd.net/Events/dwelle/deutschkurse/deutschtrainer/wortschatz/Deutschtrainer-Moehre.mp3
30 Legumes e verduras;der Kohl, die Kohle;o repolho;https://radiodownloaddw-a.akamaihd.net/Events/dwelle/deutschkurse/deutschtrainer/wortschatz/Deutschtrainer-Kohl.mp3
30 Legumes e verduras;der Brokkoli, die Brokkolis;o brócolis;https://radiodownloaddw-a.akamaihd.net/Events/dwelle/deutschkurse/deutschtrainer/wortschatz/Deutschtrainer-Brokkoli.mp3
30 Legumes e verduras;der Salat, die Salate;a alface;https://radiodownloaddw-a.akamaihd.net/Events/dwelle/deutschkurse/deutschtrainer/wortschatz/Deutschtrainer-Salat.mp3
30 Legumes e verduras;der Spinat;o espinafre;https://radiodownloaddw-a.akamaihd.net/Events/dwelle/deutschkurse/deutschtrainer/wortschatz/Deutschtrainer-Spinat-Singular.mp3
30 Legumes e verduras;das Radieschen, die Radieschen;o rabanete;https://radiodownloaddw-a.akamaihd.net/Events/dwelle/deutschkurse/deutschtrainer/wortschatz/Deutschtrainer-Radieschen.mp3
30 Legumes e verduras;Ich hätte gerne ein Bund Radieschen bitte.;Eu gostaria de um maço de rabanete, por favor.;https://radiodownloaddw-a.akamaihd.net/Events/dwelle/deutschkurse/deutschtrainer/wortschatz/Deutschtrainer-Ich-haette-gerne-einen-Bund-Radieschen-bitte.mp3
30 Legumes e verduras;die Aubergine, die Auberginen;a beringela;https://radiodownloaddw-a.akamaihd.net/Events/dwelle/deutschkurse/deutschtrainer/wortschatz/Deutschtrainer-Aubergine.mp3
30 Legumes e verduras;die Kartoffel, die Kartoffeln;a batata;https://radiodownloaddw-a.akamaihd.net/Events/dwelle/deutschkurse/deutschtrainer/wortschatz/Deutschtrainer-Kartoffel.mp331 Bebidas;Was möchtest du trinken?;O que você quer beber?;https://radiodownloaddw-a.akamaihd.net/Events/dwelle/deutschkurse/deutschtrainer/wortschatz/Deutschtrainer-Was-moechtest-du-trinken.mp3
31 Bebidas;Was möchten Sie trinken?;O que o(a) senhor(a) quer beber?;https://radiodownloaddw-a.akamaihd.net/Events/dwelle/deutschkurse/deutschtrainer/wortschatz/Deutschtrainer-Was-moechten-Sie-trinken.mp3
31 Bebidas;der Tee, die Tees;o chá;https://radiodownloaddw-a.akamaihd.net/Events/dwelle/deutschkurse/deutschtrainer/wortschatz/Deutschtrainer-Tee.mp3
31 Bebidas;Trinkst du Tee?;Você bebe chá?;https://radiodownloaddw-a.akamaihd.net/Events/dwelle/deutschkurse/deutschtrainer/wortschatz/Deutschtrainer-Trinkst-du-Tee.mp3
31 Bebidas;Trinken Sie Tee?;O(A) senhor(a) bebe chá?;https://radiodownloaddw-a.akamaihd.net/Events/dwelle/deutschkurse/deutschtrainer/wortschatz/Deutschtrainer-Trinken-Sie-Tee.mp3
31 Bebidas;Ich trinke gerne Tee.;Eu gosto de tomar chá.;https://radiodownloaddw-a.akamaihd.net/Events/dwelle/deutschkurse/deutschtrainer/wortschatz/Deutschtrainer-Ich-trinke-gerne-Tee.mp3
31 Bebidas;der Kaffee, die Kaffees;o café;https://radiodownloaddw-a.akamaihd.net/Events/dwelle/deutschkurse/deutschtrainer/wortschatz/Deutschtrainer-Kaffee.mp3
31 Bebidas;Einen Kaffee bitte!;Um café, por favor!;https://radiodownloaddw-a.akamaihd.net/Events/dwelle/deutschkurse/deutschtrainer/wortschatz/Deutschtrainer-Einen-Kaffee-bitte.mp3
31 Bebidas;das Wasser;a água;https://radiodownloaddw-a.akamaihd.net/Events/dwelle/deutschkurse/deutschtrainer/wortschatz/Deutschtrainer-Wasser-Singular.mp3
31 Bebidas;das stille Wasser;a água mineral sem gás;https://radiodownloaddw-a.akamaihd.net/Events/dwelle/deutschkurse/deutschtrainer/wortschatz/Deutschtrainer-stilles-Wasser-Singular.mp3
31 Bebidas;der Sprudel;a água mineral com gás;https://radiodownloaddw-a.akamaihd.net/Events/dwelle/deutschkurse/deutschtrainer/wortschatz/Deutschtrainer-Sprudel-Singular.mp3
31 Bebidas;die Apfelschorle, die Apfelschorlen;o refrigerante de maçã;https://radiodownloaddw-a.akamaihd.net/Events/dwelle/deutschkurse/deutschtrainer/wortschatz/Deutschtrainer-Apfelschorle.mp3
31 Bebidas;Eine Cola bitte!;Uma Coca-Cola, por favor!;https://radiodownloaddw-a.akamaihd.net/Events/dwelle/deutschkurse/deutschtrainer/wortschatz/Deutschtrainer-Eine-Cola-bitte.mp3
31 Bebidas;das Bier, die Biere;a cerveja;https://radiodownloaddw-a.akamaihd.net/Events/dwelle/deutschkurse/deutschtrainer/wortschatz/Deutschtrainer-Bier-1.mp3
31 Bebidas;der Wein, die Weine;o vinho;https://radiodownloaddw-a.akamaihd.net/Events/dwelle/deutschkurse/deutschtrainer/wortschatz/Deutschtrainer-Wein.mp332 Isto eu como;Was isst du gerne?;O que você gosta de comer?;https://radiodownloaddw-a.akamaihd.net/Events/dwelle/deutschkurse/deutschtrainer/wortschatz/Deutschtrainer-Was-isst-du-gerne.mp3
32 Isto eu como;Ich esse gerne Reis.;Eu gosto de comer arroz.;https://radiodownloaddw-a.akamaihd.net/Events/dwelle/deutschkurse/deutschtrainer/wortschatz/Deutschtrainer-Ich-esse-gerne-Reis.mp3
32 Isto eu como;das Lieblingsessen, die Lieblingsessen;o prato preferido;https://radiodownloaddw-a.akamaihd.net/Events/dwelle/deutschkurse/deutschtrainer/wortschatz/Deutschtrainer-Lieblingsessen.mp3
32 Isto eu como;Mein Lieblingsessen ist Pizza.;Pizza é o meu prato preferido.;https://radiodownloaddw-a.akamaihd.net/Events/dwelle/deutschkurse/deutschtrainer/wortschatz/Deutschtrainer-Mein-Lieblingsessen-ist-Pizza.mp3
32 Isto eu como;Ich bin Vegetarier.;Eu sou vegetariano.;https://radiodownloaddw-a.akamaihd.net/Events/dwelle/deutschkurse/deutschtrainer/wortschatz/Deutschtrainer-Ich-bin-Vegetarier.mp3
32 Isto eu como;Isst du Fleisch?;Você come carne?;https://radiodownloaddw-a.akamaihd.net/Events/dwelle/deutschkurse/deutschtrainer/wortschatz/Deutschtrainer-Isst-du-Fleisch.mp3
32 Isto eu como;Ich esse kein Schweinefleisch.;Eu não como carne de porco.;https://radiodownloaddw-a.akamaihd.net/Events/dwelle/deutschkurse/deutschtrainer/wortschatz/Deutschtrainer-Ich-esse-kein-Schweinefleisch.mp3
32 Isto eu como;Trinkst du Alkohol?;Você bebe álcool?;https://radiodownloaddw-a.akamaihd.net/Events/dwelle/deutschkurse/deutschtrainer/wortschatz/Deutschtrainer-Trinkst-du-Alkohol.mp3
32 Isto eu como;Nein, ich trinke keinen Alkohol.;Não, eu não bebo álcool.;https://radiodownloaddw-a.akamaihd.net/Events/dwelle/deutschkurse/deutschtrainer/wortschatz/Deutschtrainer-Nein-ich-trinke-keinen-Alkohol.mp3
32 Isto eu como;Ja, ich trinke Alkohol.;Sim, eu bebo álcool.;https://radiodownloaddw-a.akamaihd.net/Events/dwelle/deutschkurse/deutschtrainer/wortschatz/Deutschtrainer-Ja-ich-trinke-Alkohol.mp3
32 Isto eu como;Das ist süß.;É doce.;https://radiodownloaddw-a.akamaihd.net/Events/dwelle/deutschkurse/deutschtrainer/wortschatz/Deutschtrainer-Das-ist-suess.mp3
32 Isto eu como;Das ist salzig.;É salgado.;https://radiodownloaddw-a.akamaihd.net/Events/dwelle/deutschkurse/deutschtrainer/wortschatz/Deutschtrainer-Das-ist-salzig.mp3
32 Isto eu como;Das ist sauer.;É azedo.;https://radiodownloaddw-a.akamaihd.net/Events/dwelle/deutschkurse/deutschtrainer/wortschatz/Deutschtrainer-Das-ist-sauer.mp3
32 Isto eu como;Schmeckt es dir?;Está gostoso?;https://radiodownloaddw-a.akamaihd.net/Events/dwelle/deutschkurse/deutschtrainer/wortschatz/Deutschtrainer-Schmeckt-es-dir.mp3
32 Isto eu como;Ja, sehr gut!;Sim, muito bom!;https://radiodownloaddw-a.akamaihd.net/Events/dwelle/deutschkurse/deutschtrainer/wortschatz/Deutschtrainer-Ja-sehr-gut.mp3
32 Isto eu como;Das ist lecker.;Está delicioso.;https://radiodownloaddw-a.akamaihd.net/Events/dwelle/deutschkurse/deutschtrainer/wortschatz/Deutschtrainer-Das-ist-lecker.mp3
32 Isto eu como;Nein, das schmeckt mir nicht!;Não, eu não gosto disto!;https://radiodownloaddw-a.akamaihd.net/Events/dwelle/deutschkurse/deutschtrainer/wortschatz/Deutschtrainer-Nein-das-schmeckt-mir-nicht.mp3
32 Isto eu como;Das schmeckt bitter.;É amargo.;https://radiodownloaddw-a.akamaihd.net/Events/dwelle/deutschkurse/deutschtrainer/wortschatz/Deutschtrainer-Das-schmeckt-bitter.mp333 Roupas I;die Bluse, die Blusen;a blusa;https://radiodownloaddw-a.akamaihd.net/Events/dwelle/deutschkurse/deutschtrainer/wortschatz/Deutschtrainer-Bluse.mp3
33 Roupas I;das Kleid, die Kleider;o vestido;https://radiodownloaddw-a.akamaihd.net/Events/dwelle/deutschkurse/deutschtrainer/wortschatz/Deutschtrainer-Kleid.mp3
33 Roupas I;der Rock, die Röcke;a saia;https://radiodownloaddw-a.akamaihd.net/Events/dwelle/deutschkurse/deutschtrainer/wortschatz/Deutschtrainer-Rock.mp3
33 Roupas I;das T-Shirt, die T-Shirts;a camiseta;https://radiodownloaddw-a.akamaihd.net/Events/dwelle/deutschkurse/deutschtrainer/wortschatz/Deutschtrainer-T-Shirt.mp3
33 Roupas I;das Hemd, die Hemden;a camisa;https://radiodownloaddw-a.akamaihd.net/Events/dwelle/deutschkurse/deutschtrainer/wortschatz/Deutschtrainer-Hemd.mp3
33 Roupas I;die Hose, die Hosen;a calça;https://radiodownloaddw-a.akamaihd.net/Events/dwelle/deutschkurse/deutschtrainer/wortschatz/Deutschtrainer-Hose.mp3
33 Roupas I;der Gürtel, die Gürtel;o cinto;https://radiodownloaddw-a.akamaihd.net/Events/dwelle/deutschkurse/deutschtrainer/wortschatz/Deutschtrainer-Guertel.mp3
33 Roupas I;der Pullover, die Pullover;o pulôver;https://radiodownloaddw-a.akamaihd.net/Events/dwelle/deutschkurse/deutschtrainer/wortschatz/Deutschtrainer-Pullover.mp3
33 Roupas I;die Jacke, die Jacken;o casaco;https://radiodownloaddw-a.akamaihd.net/Events/dwelle/deutschkurse/deutschtrainer/wortschatz/Deutschtrainer-Jacke.mp3
33 Roupas I;der Mantel, die Mäntel;o sobretudo;https://radiodownloaddw-a.akamaihd.net/Events/dwelle/deutschkurse/deutschtrainer/wortschatz/Deutschtrainer-Mantel.mp3
33 Roupas I;der Hut, die Hüte;o chapéu;https://radiodownloaddw-a.akamaihd.net/Events/dwelle/deutschkurse/deutschtrainer/wortschatz/Deutschtrainer-Hut.mp3
33 Roupas I;die Mütze, die Mützen;o gorro;https://radiodownloaddw-a.akamaihd.net/Events/dwelle/deutschkurse/deutschtrainer/wortschatz/Deutschtrainer-Muetze.mp3
33 Roupas I;das Kopftuch, die Kopftücher;o véu/o lenço;https://radiodownloaddw-a.akamaihd.net/Events/dwelle/deutschkurse/deutschtrainer/wortschatz/Deutschtrainer-Kopftuch.mp3
33 Roupas I;der Schal, die Schals;o cachecol/o xale;https://radiodownloaddw-a.akamaihd.net/Events/dwelle/deutschkurse/deutschtrainer/wortschatz/Deutschtrainer-Schal.mp334 Roupas II;der Schuh, die Schuhe;o sapato;https://radiodownloaddw-a.akamaihd.net/Events/dwelle/deutschkurse/deutschtrainer/wortschatz/Deutschtrainer-Schuh.mp3
34 Roupas II;der Stiefel, die Stiefel;a bota;https://radiodownloaddw-a.akamaihd.net/Events/dwelle/deutschkurse/deutschtrainer/wortschatz/Deutschtrainer-Stiefel.mp3
34 Roupas II;der Hausschuh, die Hausschuhe;a pantufa/o chinelo para usar em casa;https://radiodownloaddw-a.akamaihd.net/Events/dwelle/deutschkurse/deutschtrainer/wortschatz/Deutschtrainer-Hausschuh.mp3
34 Roupas II;die Socke, die Socken;a meia;https://radiodownloaddw-a.akamaihd.net/Events/dwelle/deutschkurse/deutschtrainer/wortschatz/Deutschtrainer-Socke.mp3
34 Roupas II;die Strumpfhose, die Strumpfhosen;a meia-calça;https://radiodownloaddw-a.akamaihd.net/Events/dwelle/deutschkurse/deutschtrainer/wortschatz/Deutschtrainer-Strumpfhose.mp3
34 Roupas II;die Unterhose, die Unterhosen;a cueca/a calcinha;https://radiodownloaddw-a.akamaihd.net/Events/dwelle/deutschkurse/deutschtrainer/wortschatz/Deutschtrainer-Unterhose.mp3
34 Roupas II;der BH, die BHs;o sutiã;https://radiodownloaddw-a.akamaihd.net/Events/dwelle/deutschkurse/deutschtrainer/wortschatz/Deutschtrainer-BH.mp3
34 Roupas II;das Unterhemd, die Unterhemden;a camiseta de usar por baixo;https://radiodownloaddw-a.akamaihd.net/Events/dwelle/deutschkurse/deutschtrainer/wortschatz/Deutschtrainer-Unterhemd.mp3
34 Roupas II;der Schlafanzug, die Schlafanzüge;o pijama;https://radiodownloaddw-a.akamaihd.net/Events/dwelle/deutschkurse/deutschtrainer/wortschatz/Deutschtrainer-Schlafanzug.mp3
34 Roupas II;Eine Nummer größer bitte.;Um número maior, por favor.;https://radiodownloaddw-a.akamaihd.net/Events/dwelle/deutschkurse/deutschtrainer/wortschatz/Deutschtrainer-Eine-Nummer-groesser-bitte.mp3
34 Roupas II;Eine Nummer kleiner bitte.;Um número menor, por favor.;https://radiodownloaddw-a.akamaihd.net/Events/dwelle/deutschkurse/deutschtrainer/wortschatz/Deutschtrainer-Eine-Nummer-kleiner-bitte.mp3
34 Roupas II;Das passt mir nicht.;Não serve em mim.;https://radiodownloaddw-a.akamaihd.net/Events/dwelle/deutschkurse/deutschtrainer/wortschatz/Deutschtrainer-Das-passt-mir-nicht.mp3
34 Roupas II;Das ist zu klein.;Está muito pequeno.;https://radiodownloaddw-a.akamaihd.net/Events/dwelle/deutschkurse/deutschtrainer/wortschatz/Deutschtrainer-Das-ist-zu-klein.mp3
34 Roupas II;Das ist zu groß.;Está muito grande.;https://radiodownloaddw-a.akamaihd.net/Events/dwelle/deutschkurse/deutschtrainer/wortschatz/Deutschtrainer-Das-ist-zu-gross.mp3
34 Roupas II;Das ist zu lang.;Está muito comprido.;https://radiodownloaddw-a.akamaihd.net/Events/dwelle/deutschkurse/deutschtrainer/wortschatz/Deutschtrainer-Das-ist-zu-lang.mp3
34 Roupas II;Das ist zu kurz.;Está muito curto.;https://radiodownloaddw-a.akamaihd.net/Events/dwelle/deutschkurse/deutschtrainer/wortschatz/Deutschtrainer-Das-ist-zu-kurz.mp3
34 Roupas II;Das steht dir gut.;Isso fica bem em você.;https://radiodownloaddw-a.akamaihd.net/Events/dwelle/deutschkurse/deutschtrainer/wortschatz/Deutschtrainer-Das-steht-dir-gut.mp335 No médico;der Arzt, die Ärzte;o médico;https://radiodownloaddw-a.akamaihd.net/Events/dwelle/deutschkurse/deutschtrainer/wortschatz/Deutschtrainer-Arzt-2.mp3
35 No médico;die Ärztin, die Ärztinnen;a médica;https://radiodownloaddw-a.akamaihd.net/Events/dwelle/deutschkurse/deutschtrainer/wortschatz/Deutschtrainer-Aerztin-2.mp3
35 No médico;Ich möchte einen Termin bitte.;Eu gostaria de marcar um horário para uma consulta, por favor.;https://radiodownloaddw-a.akamaihd.net/Events/dwelle/deutschkurse/deutschtrainer/wortschatz/Deutschtrainer-Ich-moechte-einen-Termin-bitte.mp3
35 No médico;Ich habe Fieber.;Eu estou com febre.;https://radiodownloaddw-a.akamaihd.net/Events/dwelle/deutschkurse/deutschtrainer/wortschatz/Deutschtrainer-Ich-habe-Fieber.mp3
35 No médico;Mir ist schwindelig.;Eu estou tonto(a).;https://radiodownloaddw-a.akamaihd.net/Events/dwelle/deutschkurse/deutschtrainer/wortschatz/Deutschtrainer-Mir-ist-schwindelig.mp3
35 No médico;Ich habe Schmerzen.;Eu estou com dor.;https://radiodownloaddw-a.akamaihd.net/Events/dwelle/deutschkurse/deutschtrainer/wortschatz/Deutschtrainer-Ich-habe-Schmerzen.mp3
35 No médico;Wo haben Sie Schmerzen?;Onde o(a) senhor(a) sente dores?;https://radiodownloaddw-a.akamaihd.net/Events/dwelle/deutschkurse/deutschtrainer/wortschatz/Deutschtrainer-Wo-haben-Sie-Schmerzen.mp3
35 No médico;Welche Tabletten nehmen Sie?;Que comprimidos o(a) senhor(a) toma?;https://radiodownloaddw-a.akamaihd.net/Events/dwelle/deutschkurse/deutschtrainer/wortschatz/Deutschtrainer-Welche-Tabletten-nehmen-Sie.mp3
35 No médico;Ich habe Durchfall.;Eu estou com diarreia.;https://radiodownloaddw-a.akamaihd.net/Events/dwelle/deutschkurse/deutschtrainer/wortschatz/Deutschtrainer-Ich-habe-Durchfall.mp3
35 No médico;Ich habe Verstopfung.;Eu estou com prisão de ventre.;https://radiodownloaddw-a.akamaihd.net/Events/dwelle/deutschkurse/deutschtrainer/wortschatz/Deutschtrainer-Ich-habe-Verstopfung.mp3
35 No médico;Ich habe eine Allergie.;Eu tenho uma alergia.;https://radiodownloaddw-a.akamaihd.net/Events/dwelle/deutschkurse/deutschtrainer/wortschatz/Deutschtrainer-Ich-habe-eine-Allergie.mp3
35 No médico;Ich habe Diabetes.;Eu tenho diabetes.;https://radiodownloaddw-a.akamaihd.net/Events/dwelle/deutschkurse/deutschtrainer/wortschatz/Deutschtrainer-Ich-habe-Diabetes.mp3
35 No médico;Tut das weh?;Dói?;https://radiodownloaddw-a.akamaihd.net/Events/dwelle/deutschkurse/deutschtrainer/wortschatz/Deutschtrainer-Tut-das-weh.mp3
35 No médico;Das tut weh.;Está doendo.;https://radiodownloaddw-a.akamaihd.net/Events/dwelle/deutschkurse/deutschtrainer/wortschatz/Deutschtrainer-Das-tut-weh.mp3
35 No médico;die Blasenentzündung, die Blasenentzündungen;a cistite;https://radiodownloaddw-a.akamaihd.net/Events/dwelle/deutschkurse/deutschtrainer/wortschatz/Deutschtrainer-Blasenentzuendung.mp3
35 No médico;Der Hals ist entzündet.;A garganta está inflamada.;https://radiodownloaddw-a.akamaihd.net/Events/dwelle/deutschkurse/deutschtrainer/wortschatz/Deutschtrainer-Der-Hals-ist-entzuendet.mp3
35 No médico;die Impfung, die Impfungen;a vacina;https://radiodownloaddw-a.akamaihd.net/Events/dwelle/deutschkurse/deutschtrainer/wortschatz/Deutschtrainer-Impfung.mp3
35 No médico;das Rezept, die Rezepte;a receita;https://radiodownloaddw-a.akamaihd.net/Events/dwelle/deutschkurse/deutschtrainer/wortschatz/Deutschtrainer-Rezept.mp3
35 No médico;die Apotheke, die Apotheken;a farmácia;https://radiodownloaddw-a.akamaihd.net/Events/dwelle/deutschkurse/deutschtrainer/wortschatz/Deutschtrainer-Apotheke.mp3
35 No médico;Gute Besserung!;Melhoras!;https://radiodownloaddw-a.akamaihd.net/Events/dwelle/deutschkurse/deutschtrainer/wortschatz/Deutschtrainer-Gute-Besserung.mp336 No hospital;das Krankenhaus, die Krankenhäuser;o hospital;https://radiodownloaddw-a.akamaihd.net/Events/dwelle/deutschkurse/deutschtrainer/wortschatz/Deutschtrainer-Krankenhaus.mp3
36 No hospital;der Krankenpfleger, die Krankenpfleger;o enfermeiro;https://radiodownloaddw-a.akamaihd.net/Events/dwelle/deutschkurse/deutschtrainer/wortschatz/Deutschtrainer-Krankenpfleger-2.mp3
36 No hospital;die Krankenschwester, die Krankenschwestern;a enfermeira;https://radiodownloaddw-a.akamaihd.net/Events/dwelle/deutschkurse/deutschtrainer/wortschatz/Deutschtrainer-Krankenschwester-2.mp3
36 No hospital;der Krankenwagen, die Krankenwagen;a ambulância;https://radiodownloaddw-a.akamaihd.net/Events/dwelle/deutschkurse/deutschtrainer/wortschatz/Deutschtrainer-Krankenwagen.mp3
36 No hospital;Rufen Sie einen Krankenwagen bitte!;Chame uma ambulância, por favor!;https://radiodownloaddw-a.akamaihd.net/Events/dwelle/deutschkurse/deutschtrainer/wortschatz/Deutschtrainer-Rufen-Sie-einen-Krankenwagen-bitte.mp3
36 No hospital;Das ist ein Notfall!;Isto é uma emergência.;https://radiodownloaddw-a.akamaihd.net/Events/dwelle/deutschkurse/deutschtrainer/wortschatz/Deutschtrainer-Das-ist-ein-Notfall.mp3
36 No hospital;die Notaufnahme, die Notaufnahmen;o pronto-socorro;https://radiodownloaddw-a.akamaihd.net/Events/dwelle/deutschkurse/deutschtrainer/wortschatz/Deutschtrainer-Notaufnahme.mp3
36 No hospital;Was ist passiert?;O que aconteceu?;https://radiodownloaddw-a.akamaihd.net/Events/dwelle/deutschkurse/deutschtrainer/wortschatz/Deutschtrainer-Was-ist-passiert.mp3
36 No hospital;jemanden/etwas röntgen;tirar um raio-x;https://radiodownloaddw-a.akamaihd.net/Events/dwelle/deutschkurse/deutschtrainer/wortschatz/Deutschtrainer-roentgen.mp3
36 No hospital;der Bruch, die Brüche;a fratura;https://radiodownloaddw-a.akamaihd.net/Events/dwelle/deutschkurse/deutschtrainer/wortschatz/Deutschtrainer-Bruch.mp3
36 No hospital;Das ist gebrochen.;Está fraturado.;https://radiodownloaddw-a.akamaihd.net/Events/dwelle/deutschkurse/deutschtrainer/wortschatz/Deutschtrainer-Das-ist-gebrochen.mp3
36 No hospital;die Betäubung, die Betäubungen;a anestesia;https://radiodownloaddw-a.akamaihd.net/Events/dwelle/deutschkurse/deutschtrainer/wortschatz/Deutschtrainer-Betaeubung.mp3
36 No hospital;Sie bekommen eine Spritze.;O(A) senhor(a) vai tomar uma injeção.;https://radiodownloaddw-a.akamaihd.net/Events/dwelle/deutschkurse/deutschtrainer/wortschatz/Deutschtrainer-Sie-bekommen-eine-Spritze.mp3
36 No hospital;Wir müssen Blut abnehmen.;Nós precisamos fazer um exame de sangue.;https://radiodownloaddw-a.akamaihd.net/Events/dwelle/deutschkurse/deutschtrainer/wortschatz/Deutschtrainer-Wir-muessen-Blut-abnehmen.mp3
36 No hospital;die Operation, die Operationen;a operação;https://radiodownloaddw-a.akamaihd.net/Events/dwelle/deutschkurse/deutschtrainer/wortschatz/Deutschtrainer-Operation.mp3
36 No hospital;Das muss operiert werden.;Vai ter que operar.;https://radiodownloaddw-a.akamaihd.net/Events/dwelle/deutschkurse/deutschtrainer/wortschatz/Deutschtrainer-Das-muss-operiert-werden.mp3
36 No hospital;die Untersuchung, die Untersuchungen;o exame;https://radiodownloaddw-a.akamaihd.net/Events/dwelle/deutschkurse/deutschtrainer/wortschatz/Deutschtrainer-Untersuchung.mp337 Partes do corpo;der Körper, die Körper;o corpo;https://radiodownloaddw-a.akamaihd.net/Events/dwelle/deutschkurse/deutschtrainer/wortschatz/Deutschtrainer-Koerper.mp3
37 Partes do corpo;der Arm, die Arme;o braço;https://radiodownloaddw-a.akamaihd.net/Events/dwelle/deutschkurse/deutschtrainer/wortschatz/Deutschtrainer-Arm-Substantiv.mp3
37 Partes do corpo;Mein Arm tut weh.;Meu braço está doendo.;https://radiodownloaddw-a.akamaihd.net/Events/dwelle/deutschkurse/deutschtrainer/wortschatz/Deutschtrainer-Mein-Arm-tut-weh.mp3
37 Partes do corpo;das Bein, die Beine;a perna;https://radiodownloaddw-a.akamaihd.net/Events/dwelle/deutschkurse/deutschtrainer/wortschatz/Deutschtrainer-Bein.mp3
37 Partes do corpo;Mein Bein tut weh.;Minha perna está doendo.;https://radiodownloaddw-a.akamaihd.net/Events/dwelle/deutschkurse/deutschtrainer/wortschatz/Deutschtrainer-Mein-Bein-tut-weh.mp3
37 Partes do corpo;die Hand, die Hände;a mão;https://radiodownloaddw-a.akamaihd.net/Events/dwelle/deutschkurse/deutschtrainer/wortschatz/Deutschtrainer-Hand.mp3
37 Partes do corpo;der Fuß, die Füße;o pé;https://radiodownloaddw-a.akamaihd.net/Events/dwelle/deutschkurse/deutschtrainer/wortschatz/Deutschtrainer-Fuss.mp3
37 Partes do corpo;der Finger, die Finger;o dedo;https://radiodownloaddw-a.akamaihd.net/Events/dwelle/deutschkurse/deutschtrainer/wortschatz/Deutschtrainer-Finger.mp3
37 Partes do corpo;der Zahn, die Zähne;o dente;https://radiodownloaddw-a.akamaihd.net/Events/dwelle/deutschkurse/deutschtrainer/wortschatz/Deutschtrainer-Zahn.mp3
37 Partes do corpo;Ich habe Zahnschmerzen.;Eu estou com dor de dente.;https://radiodownloaddw-a.akamaihd.net/Events/dwelle/deutschkurse/deutschtrainer/wortschatz/Deutschtrainer-Ich-habe-Zahnschmerzen.mp3
37 Partes do corpo;der Bauch, die Bäuche;a barriga;https://radiodownloaddw-a.akamaihd.net/Events/dwelle/deutschkurse/deutschtrainer/wortschatz/Deutschtrainer-Bauch.mp3
37 Partes do corpo;Ich habe Bauchschmerzen.;Eu estou com dor de barriga.;https://radiodownloaddw-a.akamaihd.net/Events/dwelle/deutschkurse/deutschtrainer/wortschatz/Deutschtrainer-Ich-habe-Bauchschmerzen.mp3
37 Partes do corpo;der Kopf, die Köpfe;a cabeça;https://radiodownloaddw-a.akamaihd.net/Events/dwelle/deutschkurse/deutschtrainer/wortschatz/Deutschtrainer-Kopf.mp3
37 Partes do corpo;Ich habe Kopfschmerzen.;Eu estou com dor de cabeça.;https://radiodownloaddw-a.akamaihd.net/Events/dwelle/deutschkurse/deutschtrainer/wortschatz/Deutschtrainer-Ich-habe-Kopfschmerzen.mp3
37 Partes do corpo;der Rücken, die Rücken;as costas;https://radiodownloaddw-a.akamaihd.net/Events/dwelle/deutschkurse/deutschtrainer/wortschatz/Deutschtrainer-Ruecken.mp3
37 Partes do corpo;Ich habe Rückenschmerzen.;Eu estou com dor nas costas.;https://radiodownloaddw-a.akamaihd.net/Events/dwelle/deutschkurse/deutschtrainer/wortschatz/Deutschtrainer-Ich-habe-Rueckenschmerzen.mp3
37 Partes do corpo;der Hals, die Hälse;a garganta;https://radiodownloaddw-a.akamaihd.net/Events/dwelle/deutschkurse/deutschtrainer/wortschatz/Deutschtrainer-Hals.mp3
37 Partes do corpo;Mein Hals tut weh.;Minha garganta está doendo.;https://radiodownloaddw-a.akamaihd.net/Events/dwelle/deutschkurse/deutschtrainer/wortschatz/Deutschtrainer-Mein-Hals-tut-weh.mp338 No ginecologista;der Frauenarzt, die Frauenärzte;o ginecologista;https://radiodownloaddw-a.akamaihd.net/Events/dwelle/deutschkurse/deutschtrainer/wortschatz/Deutschtrainer-Frauenarzt.mp3
38 No ginecologista;die Frauenärztin, die Frauenärztinnen;a ginecologista;https://radiodownloaddw-a.akamaihd.net/Events/dwelle/deutschkurse/deutschtrainer/wortschatz/Deutschtrainer-Frauenaerztin.mp3
38 No ginecologista;die Regel;a menstruação;https://radiodownloaddw-a.akamaihd.net/Events/dwelle/deutschkurse/deutschtrainer/wortschatz/Deutschtrainer-Regel-Singular.mp3
38 No ginecologista;die Tage;a menstruação;https://radiodownloaddw-a.akamaihd.net/Events/dwelle/deutschkurse/deutschtrainer/wortschatz/Deutschtrainer-Tage-Plural.mp3
38 No ginecologista;Ich habe meine Tage.;Eu estou menstruada.;https://radiodownloaddw-a.akamaihd.net/Events/dwelle/deutschkurse/deutschtrainer/wortschatz/Deutschtrainer-Ich-habe-meine-Tage.mp3
38 No ginecologista;Ich habe starke Blutungen.;Eu tenho fluxo menstrual intenso.;https://radiodownloaddw-a.akamaihd.net/Events/dwelle/deutschkurse/deutschtrainer/wortschatz/Deutschtrainer-Ich-habe-starke-Blutungen.mp3
38 No ginecologista;Ich habe Krämpfe.;Eu estou com cólicas.;https://radiodownloaddw-a.akamaihd.net/Events/dwelle/deutschkurse/deutschtrainer/wortschatz/Deutschtrainer-Ich-habe-Kraempfe.mp3
38 No ginecologista;die Scheide, die Scheiden;a vagina;https://radiodownloaddw-a.akamaihd.net/Events/dwelle/deutschkurse/deutschtrainer/wortschatz/Deutschtrainer-Scheide.mp3
38 No ginecologista;die Vagina, die Vaginen;a vagina;https://radiodownloaddw-a.akamaihd.net/Events/dwelle/deutschkurse/deutschtrainer/wortschatz/Deutschtrainer-Vagina.mp3
38 No ginecologista;die Brust, die Brüste;o peito;https://radiodownloaddw-a.akamaihd.net/Events/dwelle/deutschkurse/deutschtrainer/wortschatz/Deutschtrainer-Brust.mp3
38 No ginecologista;die Gebärmutter, die Gebärmütter;o útero;https://radiodownloaddw-a.akamaihd.net/Events/dwelle/deutschkurse/deutschtrainer/wortschatz/Deutschtrainer-Gebaermutter.mp3
38 No ginecologista;der Eierstock, die Eierstöcke;o ovário;https://radiodownloaddw-a.akamaihd.net/Events/dwelle/deutschkurse/deutschtrainer/wortschatz/Deutschtrainer-Eierstock.mp3
38 No ginecologista;der Abstrich, die Abstriche;o papanicolau;https://radiodownloaddw-a.akamaihd.net/Events/dwelle/deutschkurse/deutschtrainer/wortschatz/Deutschtrainer-Abstrich.mp3
38 No ginecologista;der Ultraschall, die Ultraschalle;a ultrassonografia;https://radiodownloaddw-a.akamaihd.net/Events/dwelle/deutschkurse/deutschtrainer/wortschatz/Deutschtrainer-Ultraschall-1.mp3
38 No ginecologista;das Verhütungsmittel, die Verhütungsmittel;o método contraceptivo;https://radiodownloaddw-a.akamaihd.net/Events/dwelle/deutschkurse/deutschtrainer/wortschatz/Deutschtrainer-Verhuetungsmittel.mp3
38 No ginecologista;die Pille, die Pillen;a pílula;https://radiodownloaddw-a.akamaihd.net/Events/dwelle/deutschkurse/deutschtrainer/wortschatz/Deutschtrainer-Pille.mp3
38 No ginecologista;Nehmen Sie die Pille?;A senhora toma a pílula?;https://radiodownloaddw-a.akamaihd.net/Events/dwelle/deutschkurse/deutschtrainer/wortschatz/Deutschtrainer-Nehmen-Sie-die-Pille.mp3
38 No ginecologista;die Spirale, die Spiralen;o dispositivo intrauterino (DIU);https://radiodownloaddw-a.akamaihd.net/Events/dwelle/deutschkurse/deutschtrainer/wortschatz/Deutschtrainer-Spirale.mp3
38 No ginecologista;Haben Sie eine Spirale?;A senhora usa um DIU?;https://radiodownloaddw-a.akamaihd.net/Events/dwelle/deutschkurse/deutschtrainer/wortschatz/Deutschtrainer-Haben-Sie-eine-Spirale.mp3
38 No ginecologista;das Kondom, die Kondome;o preservativo;https://radiodownloaddw-a.akamaihd.net/Events/dwelle/deutschkurse/deutschtrainer/wortschatz/Deutschtrainer-Kondom.mp339 Parto;der Geschlechtsverkehr;a relação sexual;https://radiodownloaddw-a.akamaihd.net/Events/dwelle/deutschkurse/deutschtrainer/wortschatz/Deutschtrainer-Geschlechtsverkehr-Singular.mp3
39 Parto;die Schwangerschaft, die Schwangerschaften;a gravidez;https://radiodownloaddw-a.akamaihd.net/Events/dwelle/deutschkurse/deutschtrainer/wortschatz/Deutschtrainer-Schwangerschaft.mp3
39 Parto;der Schwangerschaftstest, die Schwangerschaftstests;o teste de gravidez;https://radiodownloaddw-a.akamaihd.net/Events/dwelle/deutschkurse/deutschtrainer/wortschatz/Deutschtrainer-Schwangerschaftstest.mp3
39 Parto;Der Schwangerschaftstest ist positiv.;O teste de gravidez deu positivo.;https://radiodownloaddw-a.akamaihd.net/Events/dwelle/deutschkurse/deutschtrainer/wortschatz/Deutschtrainer-Der-Schwangerschaftstest-ist-positiv.mp3
39 Parto;Sie sind schwanger.;A senhora está grávida.;https://radiodownloaddw-a.akamaihd.net/Events/dwelle/deutschkurse/deutschtrainer/wortschatz/Deutschtrainer-Sie-sind-schwanger.mp3
39 Parto;die Vorsorgeuntersuchung, die Vorsorgeuntersuchungen;o exame preventivo;https://radiodownloaddw-a.akamaihd.net/Events/dwelle/deutschkurse/deutschtrainer/wortschatz/Deutschtrainer-Vorsorgeuntersuchung.mp3
39 Parto;der Ultraschall, die Ultraschalle;a ultrassonografia;https://radiodownloaddw-a.akamaihd.net/Events/dwelle/deutschkurse/deutschtrainer/wortschatz/Deutschtrainer-Ultraschall-2.mp3
39 Parto;Im wievielten Monat sind Sie?;Em que mês a senhora está?;https://radiodownloaddw-a.akamaihd.net/Events/dwelle/deutschkurse/deutschtrainer/wortschatz/Deutschtrainer-Im-wievielten-Monat-sind-Sie.mp3
39 Parto;Ich bin im vierten Monat schwanger.;Eu estou no quarto mês de gestação.;https://radiodownloaddw-a.akamaihd.net/Events/dwelle/deutschkurse/deutschtrainer/wortschatz/Deutschtrainer-Ich-bin-im-vierten-Monat-schwanger.mp3
39 Parto;Es wird ein Junge.;Será um menino.;https://radiodownloaddw-a.akamaihd.net/Events/dwelle/deutschkurse/deutschtrainer/wortschatz/Deutschtrainer-Es-wird-ein-Junge.mp3
39 Parto;Es wird ein Mädchen.;Será uma menina.;https://radiodownloaddw-a.akamaihd.net/Events/dwelle/deutschkurse/deutschtrainer/wortschatz/Deutschtrainer-Es-wird-ein-Maedchen.mp3
39 Parto;die Wehe, die Wehen;as contrações do parto;https://radiodownloaddw-a.akamaihd.net/Events/dwelle/deutschkurse/deutschtrainer/wortschatz/Deutschtrainer-Wehe-Substantiv.mp3
39 Parto;die Geburt, die Geburten;o parto;https://radiodownloaddw-a.akamaihd.net/Events/dwelle/deutschkurse/deutschtrainer/wortschatz/Deutschtrainer-Geburt-1.mp3
39 Parto;die PDA, die PDAs;a anestesia epidural;https://radiodownloaddw-a.akamaihd.net/Events/dwelle/deutschkurse/deutschtrainer/wortschatz/Deutschtrainer-PDA.mp3
39 Parto;der Kaiserschnitt, die Kaiserschnitte;a cesariana;https://radiodownloaddw-a.akamaihd.net/Events/dwelle/deutschkurse/deutschtrainer/wortschatz/Deutschtrainer-Kaiserschnitt.mp3
39 Parto;die Fehlgeburt, die Fehlgeburten;o aborto espontâneo;https://radiodownloaddw-a.akamaihd.net/Events/dwelle/deutschkurse/deutschtrainer/wortschatz/Deutschtrainer-Fehlgeburt.mp340 Filhos;das Baby, die Babys;o bebê;https://radiodownloaddw-a.akamaihd.net/Events/dwelle/deutschkurse/deutschtrainer/wortschatz/Deutschtrainer-Baby.mp3
40 Filhos;Mein Baby ist drei Monate alt.;Meu bebê tem três meses.;https://radiodownloaddw-a.akamaihd.net/Events/dwelle/deutschkurse/deutschtrainer/wortschatz/Deutschtrainer-Mein-Baby-ist-drei-Monate-alt.mp3
40 Filhos;der Kinderarzt, die Kinderärzte;o pediatra;https://radiodownloaddw-a.akamaihd.net/Events/dwelle/deutschkurse/deutschtrainer/wortschatz/Deutschtrainer-Kinderarzt.mp3
40 Filhos;die Kinderärztin, die Kinderärztinnen;a pediatra;https://radiodownloaddw-a.akamaihd.net/Events/dwelle/deutschkurse/deutschtrainer/wortschatz/Deutschtrainer-Kinderaerztin.mp3
40 Filhos;der Schnuller, die Schnuller;a chupeta;https://radiodownloaddw-a.akamaihd.net/Events/dwelle/deutschkurse/deutschtrainer/wortschatz/Deutschtrainer-Schnuller.mp3
40 Filhos;das Fläschchen, die Fläschchen;a mamadeira;https://radiodownloaddw-a.akamaihd.net/Events/dwelle/deutschkurse/deutschtrainer/wortschatz/Deutschtrainer-Flaeschchen.mp3
40 Filhos;(jemanden) stillen;amamentar;https://radiodownloaddw-a.akamaihd.net/Events/dwelle/deutschkurse/deutschtrainer/wortschatz/Deutschtrainer-stillen.mp3
40 Filhos;die Windel, die Windeln;a fralda;https://radiodownloaddw-a.akamaihd.net/Events/dwelle/deutschkurse/deutschtrainer/wortschatz/Deutschtrainer-Windel.mp3
40 Filhos;der Kinderwagen, die Kinderwagen;o carrinho de bebê;https://radiodownloaddw-a.akamaihd.net/Events/dwelle/deutschkurse/deutschtrainer/wortschatz/Deutschtrainer-Kinderwagen.mp3
40 Filhos;das Kuscheltier, die Kuscheltiere;o bichinho de pelúcia;https://radiodownloaddw-a.akamaihd.net/Events/dwelle/deutschkurse/deutschtrainer/wortschatz/Deutschtrainer-Kuscheltier.mp3
40 Filhos;das Spielzeug;o brinquedo;https://radiodownloaddw-a.akamaihd.net/Events/dwelle/deutschkurse/deutschtrainer/wortschatz/Deutschtrainer-Spielzeug-Singular.mp3
40 Filhos;Wo können die Kinder spielen?;Onde as crianças podem brincar?;https://radiodownloaddw-a.akamaihd.net/Events/dwelle/deutschkurse/deutschtrainer/wortschatz/Deutschtrainer-Wo-koennen-die-Kinder-spielen.mp3
40 Filhos;der Spielplatz, die Spielplätze;o parquinho;https://radiodownloaddw-a.akamaihd.net/Events/dwelle/deutschkurse/deutschtrainer/wortschatz/Deutschtrainer-Spielplatz.mp3
40 Filhos;der Kindergarten, die Kindergärten;o jardim de infância;https://radiodownloaddw-a.akamaihd.net/Events/dwelle/deutschkurse/deutschtrainer/wortschatz/Deutschtrainer-Kindergarten.mp3
40 Filhos;Ich habe keine Betreuung für meine Kinder.;Eu não tenho com quem deixar meus filhos.;https://radiodownloaddw-a.akamaihd.net/Events/dwelle/deutschkurse/deutschtrainer/wortschatz/Deutschtrainer-Ich-habe-keine-Betreuung-fuer-meine-Kinder.mp3
40 Filhos;Ich brauche einen Babysitter.;Eu preciso de uma babá.;https://radiodownloaddw-a.akamaihd.net/Events/dwelle/deutschkurse/deutschtrainer/wortschatz/Deutschtrainer-Ich-brauche-einen-Babysitter.mp341 Procurar moradia;die Wohnung, die Wohnungen;o apartamento;https://radiodownloaddw-a.akamaihd.net/Events/dwelle/deutschkurse/deutschtrainer/wortschatz/Deutschtrainer-Wohnung.mp3
41 Procurar moradia;Ich suche eine Wohnung.;Eu estou procurando um apartamento.;https://radiodownloaddw-a.akamaihd.net/Events/dwelle/deutschkurse/deutschtrainer/wortschatz/Deutschtrainer-Ich-suche-eine-Wohnung.mp3
41 Procurar moradia;das Zimmer, die Zimmer;o quarto/o cômodo;https://radiodownloaddw-a.akamaihd.net/Events/dwelle/deutschkurse/deutschtrainer/wortschatz/Deutschtrainer-Zimmer.mp3
41 Procurar moradia;Wie viele Zimmer hat die Wohnung?;Quantos cômodos tem o apartamento?;https://radiodownloaddw-a.akamaihd.net/Events/dwelle/deutschkurse/deutschtrainer/wortschatz/Deutschtrainer-Wie-viele-Zimmer-hat-die-Wohnung.mp3
41 Procurar moradia;ein Zimmer;um cômodo;https://radiodownloaddw-a.akamaihd.net/Events/dwelle/deutschkurse/deutschtrainer/wortschatz/Deutschtrainer-ein-Zimmer.mp3
41 Procurar moradia;die Drei-Zimmer-Wohnung, die Drei-Zimmer-Wohnungen;o apartamento de 2 quartos mais sala;https://radiodownloaddw-a.akamaihd.net/Events/dwelle/deutschkurse/deutschtrainer/wortschatz/Deutschtrainer-Drei-Zimmer-Wohnung.mp3
41 Procurar moradia;die Küche, die Küchen;a cozinha;https://radiodownloaddw-a.akamaihd.net/Events/dwelle/deutschkurse/deutschtrainer/wortschatz/Deutschtrainer-Kueche.mp3
41 Procurar moradia;das Bad, die Bäder;o banheiro;https://radiodownloaddw-a.akamaihd.net/Events/dwelle/deutschkurse/deutschtrainer/wortschatz/Deutschtrainer-Bad.mp3
41 Procurar moradia;das Schlafzimmer, die Schlafzimmer;o quarto;https://radiodownloaddw-a.akamaihd.net/Events/dwelle/deutschkurse/deutschtrainer/wortschatz/Deutschtrainer-Schlafzimmer.mp3
41 Procurar moradia;das Wohnzimmer, die Wohnzimmer;a sala;https://radiodownloaddw-a.akamaihd.net/Events/dwelle/deutschkurse/deutschtrainer/wortschatz/Deutschtrainer-Wohnzimmer.mp3
41 Procurar moradia;der Flur, die Flure;o corredor;https://radiodownloaddw-a.akamaihd.net/Events/dwelle/deutschkurse/deutschtrainer/wortschatz/Deutschtrainer-Flur.mp3
41 Procurar moradia;der Keller, die Keller;o porão;https://radiodownloaddw-a.akamaihd.net/Events/dwelle/deutschkurse/deutschtrainer/wortschatz/Deutschtrainer-Keller-1.mp3
41 Procurar moradia;die Miete, die Mieten;o aluguel;https://radiodownloaddw-a.akamaihd.net/Events/dwelle/deutschkurse/deutschtrainer/wortschatz/Deutschtrainer-Miete.mp3
41 Procurar moradia;Wie hoch ist die Miete?;Qual o valor do aluguel?;https://radiodownloaddw-a.akamaihd.net/Events/dwelle/deutschkurse/deutschtrainer/wortschatz/Deutschtrainer-Wie-hoch-ist-die-Miete.mp3
41 Procurar moradia;die Kaltmiete, die Kaltmieten;o aluguel sem custos adicionais;https://radiodownloaddw-a.akamaihd.net/Events/dwelle/deutschkurse/deutschtrainer/wortschatz/Deutschtrainer-Kaltmiete.mp3
41 Procurar moradia;die Warmmiete, die Warmmieten;o aluguel com custos adicionais;https://radiodownloaddw-a.akamaihd.net/Events/dwelle/deutschkurse/deutschtrainer/wortschatz/Deutschtrainer-Warmmiete.mp3
41 Procurar moradia;die Nebenkosten;os custos adicionais;https://radiodownloaddw-a.akamaihd.net/Events/dwelle/deutschkurse/deutschtrainer/wortschatz/Deutschtrainer-Nebenkosten-Plural.mp3
41 Procurar moradia;Wie hoch sind die Nebenkosten?;Qual é o valor dos custos adicionais?;https://radiodownloaddw-a.akamaihd.net/Events/dwelle/deutschkurse/deutschtrainer/wortschatz/Deutschtrainer-Wie-hoch-sind-die-Nebenkosten.mp3
41 Procurar moradia;der Mietvertrag, die Mietverträge;o contrato de aluguel;https://radiodownloaddw-a.akamaihd.net/Events/dwelle/deutschkurse/deutschtrainer/wortschatz/Deutschtrainer-Mietvertrag.mp3
41 Procurar moradia;Sie müssen den Mietvertrag unterschreiben.;O(A) senhor(a) precisa assinar o contrato de aluguel.;https://radiodownloaddw-a.akamaihd.net/Events/dwelle/deutschkurse/deutschtrainer/wortschatz/Deutschtrainer-Sie-muessen-den-Mietvertrag-unterschreiben.mp342 Mobiliário;das Möbel, die Möbel;o móvel;https://radiodownloaddw-a.akamaihd.net/Events/dwelle/deutschkurse/deutschtrainer/wortschatz/Deutschtrainer-Moebel.mp3
42 Mobiliário;das Bett, die Betten;a cama;https://radiodownloaddw-a.akamaihd.net/Events/dwelle/deutschkurse/deutschtrainer/wortschatz/Deutschtrainer-Bett-1.mp3
42 Mobiliário;Ich suche ein Bett.;Eu estou procurando uma cama.;https://radiodownloaddw-a.akamaihd.net/Events/dwelle/deutschkurse/deutschtrainer/wortschatz/Deutschtrainer-Ich-suche-ein-Bett.mp3
42 Mobiliário;der Stuhl, die Stühle;a cadeira;https://radiodownloaddw-a.akamaihd.net/Events/dwelle/deutschkurse/deutschtrainer/wortschatz/Deutschtrainer-Stuhl.mp3
42 Mobiliário;Wir brauchen vier Stühle.;Nós precisamos de quatro cadeiras.;https://radiodownloaddw-a.akamaihd.net/Events/dwelle/deutschkurse/deutschtrainer/wortschatz/Deutschtrainer-Wir-brauchen-vier-Stuehle.mp3
42 Mobiliário;der Tisch, die Tische;a mesa;https://radiodownloaddw-a.akamaihd.net/Events/dwelle/deutschkurse/deutschtrainer/wortschatz/Deutschtrainer-Tisch.mp3
42 Mobiliário;das Sofa, die Sofas;o sofá;https://radiodownloaddw-a.akamaihd.net/Events/dwelle/deutschkurse/deutschtrainer/wortschatz/Deutschtrainer-Sofa.mp3
42 Mobiliário;der Teppich, die Teppiche;o tapete;https://radiodownloaddw-a.akamaihd.net/Events/dwelle/deutschkurse/deutschtrainer/wortschatz/Deutschtrainer-Teppich-1.mp3
42 Mobiliário;der Vorhang, die Vorhänge;a cortina;https://radiodownloaddw-a.akamaihd.net/Events/dwelle/deutschkurse/deutschtrainer/wortschatz/Deutschtrainer-Vorhang.mp3
42 Mobiliário;der Fernseher, die Fernseher;o televisor;https://radiodownloaddw-a.akamaihd.net/Events/dwelle/deutschkurse/deutschtrainer/wortschatz/Deutschtrainer-Fernseher-1.mp3
42 Mobiliário;der Herd, die Herde;o fogão;https://radiodownloaddw-a.akamaihd.net/Events/dwelle/deutschkurse/deutschtrainer/wortschatz/Deutschtrainer-Herd-1.mp3
42 Mobiliário;Ich möchte einen Herd kaufen.;Eu gostaria de comprar um fogão.;https://radiodownloaddw-a.akamaihd.net/Events/dwelle/deutschkurse/deutschtrainer/wortschatz/Deutschtrainer-Ich-moechte-einen-Herd-kaufen.mp3
42 Mobiliário;der Kühlschrank, die Kühlschränke;a geladeira;https://radiodownloaddw-a.akamaihd.net/Events/dwelle/deutschkurse/deutschtrainer/wortschatz/Deutschtrainer-Kuehlschrank-1.mp3
42 Mobiliário;die Waschmaschine, die Waschmaschinen;a máquina de lavar roupas;https://radiodownloaddw-a.akamaihd.net/Events/dwelle/deutschkurse/deutschtrainer/wortschatz/Deutschtrainer-Waschmaschine.mp3
42 Mobiliário;der Staubsauger, die Staubsauger;o aspirador;https://radiodownloaddw-a.akamaihd.net/Events/dwelle/deutschkurse/deutschtrainer/wortschatz/Deutschtrainer-Staubsauger.mp343 Não funciona;Das muss repariert werden.;Isto precisa ser consertado.;https://radiodownloaddw-a.akamaihd.net/Events/dwelle/deutschkurse/deutschtrainer/wortschatz/Deutschtrainer-Das-muss-repariert-werden.mp3
43 Não funciona;Können Sie das reparieren bitte?;O(A) senhor(a) pode consertar, por favor?;https://radiodownloaddw-a.akamaihd.net/Events/dwelle/deutschkurse/deutschtrainer/wortschatz/Deutschtrainer-Koennen-Sie-das-reparieren-bitte.mp3
43 Não funciona;Das Licht geht nicht.;A luz não está funcionando.;https://radiodownloaddw-a.akamaihd.net/Events/dwelle/deutschkurse/deutschtrainer/wortschatz/Deutschtrainer-Das-Licht-geht-nicht.mp3
43 Não funciona;Das Licht geht wieder.;A luz voltou a funcionar.;https://radiodownloaddw-a.akamaihd.net/Events/dwelle/deutschkurse/deutschtrainer/wortschatz/Deutschtrainer-Das-Licht-geht-wieder.mp3
43 Não funciona;Die Heizung funktioniert nicht.;A calefação não está funcionando.;https://radiodownloaddw-a.akamaihd.net/Events/dwelle/deutschkurse/deutschtrainer/wortschatz/Deutschtrainer-Die-Heizung-funktioniert-nicht.mp3
43 Não funciona;Die Heizung ist wieder in Ordnung.;A calefação está em ordem novamente.;https://radiodownloaddw-a.akamaihd.net/Events/dwelle/deutschkurse/deutschtrainer/wortschatz/Deutschtrainer-Die-Heizung-ist-wieder-in-Ordnung.mp3
43 Não funciona;Der Wasserhahn tropft.;A torneira está pingando.;https://radiodownloaddw-a.akamaihd.net/Events/dwelle/deutschkurse/deutschtrainer/wortschatz/Deutschtrainer-Der-Wasserhahn-tropft.mp3
43 Não funciona;Das Wasser läuft nicht ab.;A água não escoa.;https://radiodownloaddw-a.akamaihd.net/Events/dwelle/deutschkurse/deutschtrainer/wortschatz/Deutschtrainer-Das-Wasser-laeuft-nicht-ab.mp3
43 Não funciona;Der Abfluss ist verstopft.;O ralo está entupido.;https://radiodownloaddw-a.akamaihd.net/Events/dwelle/deutschkurse/deutschtrainer/wortschatz/Deutschtrainer-Der-Abfluss-ist-verstopft.mp3
43 Não funciona;Die Waschmaschine ist kaputt.;A máquina de lavar quebrou.;https://radiodownloaddw-a.akamaihd.net/Events/dwelle/deutschkurse/deutschtrainer/wortschatz/Deutschtrainer-Die-Waschmaschine-ist-kaputt.mp3
43 Não funciona;Das Fenster geht nicht zu.;A janela não está fechando.;https://radiodownloaddw-a.akamaihd.net/Events/dwelle/deutschkurse/deutschtrainer/wortschatz/Deutschtrainer-Das-Fenster-geht-nicht-zu.mp3
43 Não funciona;Die Internetverbindung funktioniert nicht.;A internet não está funcionando.;https://radiodownloaddw-a.akamaihd.net/Events/dwelle/deutschkurse/deutschtrainer/wortschatz/Deutschtrainer-Die-Internetverbindung-funktioniert-nicht.mp3
43 Não funciona;das Rohr, die Rohre;o cano;https://radiodownloaddw-a.akamaihd.net/Events/dwelle/deutschkurse/deutschtrainer/wortschatz/Deutschtrainer-Rohr.mp3
43 Não funciona;das Kabel, die Kabel;o cabo;https://radiodownloaddw-a.akamaihd.net/Events/dwelle/deutschkurse/deutschtrainer/wortschatz/Deutschtrainer-Kabel.mp3
43 Não funciona;der Hausmeister, die Hausmeister;o zelador;https://radiodownloaddw-a.akamaihd.net/Events/dwelle/deutschkurse/deutschtrainer/wortschatz/Deutschtrainer-Hausmeister.mp3
43 Não funciona;die Hausmeisterin, die Hausmeisterinnen;a zeladora;https://radiodownloaddw-a.akamaihd.net/Events/dwelle/deutschkurse/deutschtrainer/wortschatz/Deutschtrainer-Hausmeisterin.mp344 Arrumar a casa;Das ist sauber.;Isto está limpo.;https://radiodownloaddw-a.akamaihd.net/Events/dwelle/deutschkurse/deutschtrainer/wortschatz/Deutschtrainer-Das-ist-sauber.mp3
44 Arrumar a casa;Das ist schmutzig.;Isto está sujo.;https://radiodownloaddw-a.akamaihd.net/Events/dwelle/deutschkurse/deutschtrainer/wortschatz/Deutschtrainer-Das-ist-schmutzig.mp3
44 Arrumar a casa;das Putzmittel, die Putzmittel;o produto de limpeza;https://radiodownloaddw-a.akamaihd.net/Events/dwelle/deutschkurse/deutschtrainer/wortschatz/Deutschtrainer-Putzmittel.mp3
44 Arrumar a casa;der Putzlappen, die Putzlappen;o pano de limpeza;https://radiodownloaddw-a.akamaihd.net/Events/dwelle/deutschkurse/deutschtrainer/wortschatz/Deutschtrainer-Putzlappen.mp3
44 Arrumar a casa;Ich muss die Küche putzen.;Eu preciso limpar a cozinha.;https://radiodownloaddw-a.akamaihd.net/Events/dwelle/deutschkurse/deutschtrainer/wortschatz/Deutschtrainer-Ich-muss-die-Kueche-putzen.mp3
44 Arrumar a casa;Du musst die Wohnung aufräumen.;Você precisa arrumar o apartamento.;https://radiodownloaddw-a.akamaihd.net/Events/dwelle/deutschkurse/deutschtrainer/wortschatz/Deutschtrainer-Du-musst-die-Wohnung-aufraeumen.mp3
44 Arrumar a casa;(etwas) fegen;varrer;https://radiodownloaddw-a.akamaihd.net/Events/dwelle/deutschkurse/deutschtrainer/wortschatz/Deutschtrainer-fegen.mp3
44 Arrumar a casa;(etwas) wischen;limpar;https://radiodownloaddw-a.akamaihd.net/Events/dwelle/deutschkurse/deutschtrainer/wortschatz/Deutschtrainer-wischen.mp3
44 Arrumar a casa;Kannst du spülen bitte?;Você pode lavar a louça, por favor?;https://radiodownloaddw-a.akamaihd.net/Events/dwelle/deutschkurse/deutschtrainer/wortschatz/Deutschtrainer-Kannst-du-spuelen-bitte.mp3
44 Arrumar a casa;Ich muss staubsaugen.;Tenho que passar o aspirador.;https://radiodownloaddw-a.akamaihd.net/Events/dwelle/deutschkurse/deutschtrainer/wortschatz/Deutschtrainer-Ich-muss-staubsaugen.mp3
44 Arrumar a casa;Wo ist der Staubsauger?;Onde está o aspirador?;https://radiodownloaddw-a.akamaihd.net/Events/dwelle/deutschkurse/deutschtrainer/wortschatz/Deutschtrainer-Wo-ist-der-Staubsauger.mp3
44 Arrumar a casa;der Müll;o lixo;https://radiodownloaddw-a.akamaihd.net/Events/dwelle/deutschkurse/deutschtrainer/wortschatz/Deutschtrainer-Muell-Singular.mp3
44 Arrumar a casa;Kannst du den Müll bitte rausbringen?;Você pode colocar o lixo para fora?;https://radiodownloaddw-a.akamaihd.net/Events/dwelle/deutschkurse/deutschtrainer/wortschatz/Deutschtrainer-Kannst-du-den-Muell-bitte-rausbringen.mp3
44 Arrumar a casa;das Altglas weg|bringen;levar vidros para o lixo reciclável;https://radiodownloaddw-a.akamaihd.net/Events/dwelle/deutschkurse/deutschtrainer/wortschatz/Deutschtrainer-Das-Altglas-wegbringen.mp345 No banco;die Bank, die Banken;o banco;https://radiodownloaddw-a.akamaihd.net/Events/dwelle/deutschkurse/deutschtrainer/wortschatz/Deutschtrainer-Bank-iSv-Geldinstitut-1.mp3
45 No banco;Ich gehe zur Bank.;Vou ao banco.;https://radiodownloaddw-a.akamaihd.net/Events/dwelle/deutschkurse/deutschtrainer/wortschatz/Deutschtrainer-Ich-gehe-zur-Bank-1.mp3
45 No banco;das Bankkonto, die Bankkonten;a conta-corrente;https://radiodownloaddw-a.akamaihd.net/Events/dwelle/deutschkurse/deutschtrainer/wortschatz/Deutschtrainer-Bankkonto.mp3
45 No banco;Ich möchte ein Konto eröffnen.;Eu gostaria de abrir uma conta.;https://radiodownloaddw-a.akamaihd.net/Events/dwelle/deutschkurse/deutschtrainer/wortschatz/Deutschtrainer-Ich-moechte-ein-Konto-eroeffnen.mp3
45 No banco;der Kontoauszug, die Kontoauszüge;o extrato bancário;https://radiodownloaddw-a.akamaihd.net/Events/dwelle/deutschkurse/deutschtrainer/wortschatz/Deutschtrainer-Kontoauszug.mp3
45 No banco;die Überweisung, die Überweisungen;a transferência bancária;https://radiodownloaddw-a.akamaihd.net/Events/dwelle/deutschkurse/deutschtrainer/wortschatz/Deutschtrainer-Ueberweisung.mp3
45 No banco;Ich möchte Geld überweisen.;Eu gostaria de fazer uma transferência.;https://radiodownloaddw-a.akamaihd.net/Events/dwelle/deutschkurse/deutschtrainer/wortschatz/Deutschtrainer-Ich-moechte-Geld-ueberweisen.mp3
45 No banco;Ich muss Geld abheben.;Eu preciso sacar dinheiro.;https://radiodownloaddw-a.akamaihd.net/Events/dwelle/deutschkurse/deutschtrainer/wortschatz/Deutschtrainer-Ich-muss-Geld-abheben.mp3
45 No banco;der Zins, die Zinsen;o juro;https://radiodownloaddw-a.akamaihd.net/Events/dwelle/deutschkurse/deutschtrainer/wortschatz/Deutschtrainer-Zins.mp3
45 No banco;die EC-Karte, die EC-Karten;o cartão de débito;https://radiodownloaddw-a.akamaihd.net/Events/dwelle/deutschkurse/deutschtrainer/wortschatz/Deutschtrainer-EC-Karte.mp3
45 No banco;die Kreditkarte, die Kreditkarten;o cartão de crédito;https://radiodownloaddw-a.akamaihd.net/Events/dwelle/deutschkurse/deutschtrainer/wortschatz/Deutschtrainer-Kreditkarte.mp3
45 No banco;die Kontonummer, die Kontonummern;o número da conta;https://radiodownloaddw-a.akamaihd.net/Events/dwelle/deutschkurse/deutschtrainer/wortschatz/Deutschtrainer-Kontonummer.mp3
45 No banco;die IBAN, die IBANs;o número IBAN;https://radiodownloaddw-a.akamaihd.net/Events/dwelle/deutschkurse/deutschtrainer/wortschatz/Deutschtrainer-IBAN.mp3
45 No banco;die Geheimzahl, die Geheimzahlen;a senha;https://radiodownloaddw-a.akamaihd.net/Events/dwelle/deutschkurse/deutschtrainer/wortschatz/Deutschtrainer-Geheimzahl.mp346 Tempo;Wie ist das Wetter?;Como está o tempo?;https://radiodownloaddw-a.akamaihd.net/Events/dwelle/deutschkurse/deutschtrainer/wortschatz/Deutschtrainer-Wie-ist-das-Wetter.mp3
46 Tempo;Das Wetter ist gut.;O tempo está bom.;https://radiodownloaddw-a.akamaihd.net/Events/dwelle/deutschkurse/deutschtrainer/wortschatz/Deutschtrainer-Das-Wetter-ist-gut.mp3
46 Tempo;Die Sonne scheint.;Está fazendo sol.;https://radiodownloaddw-a.akamaihd.net/Events/dwelle/deutschkurse/deutschtrainer/wortschatz/Deutschtrainer-Die-Sonne-scheint.mp3
46 Tempo;Das Wetter ist schlecht.;O tempo está ruim.;https://radiodownloaddw-a.akamaihd.net/Events/dwelle/deutschkurse/deutschtrainer/wortschatz/Deutschtrainer-Das-Wetter-ist-schlecht.mp3
46 Tempo;Es regnet.;Está chovendo.;https://radiodownloaddw-a.akamaihd.net/Events/dwelle/deutschkurse/deutschtrainer/wortschatz/Deutschtrainer-Es-regnet.mp3
46 Tempo;Ich brauche einen Regenschirm.;Eu preciso de um guarda-chuva.;https://radiodownloaddw-a.akamaihd.net/Events/dwelle/deutschkurse/deutschtrainer/wortschatz/Deutschtrainer-Ich-brauche-einen-Regenschirm.mp3
46 Tempo;Ich friere.;Eu estou morrendo de frio.;https://radiodownloaddw-a.akamaihd.net/Events/dwelle/deutschkurse/deutschtrainer/wortschatz/Deutschtrainer-Ich-friere.mp3
46 Tempo;Es schneit.;Está nevando.;https://radiodownloaddw-a.akamaihd.net/Events/dwelle/deutschkurse/deutschtrainer/wortschatz/Deutschtrainer-Es-schneit.mp3
46 Tempo;der Wind, die Winde;o vento;https://radiodownloaddw-a.akamaihd.net/Events/dwelle/deutschkurse/deutschtrainer/wortschatz/Deutschtrainer-Wind.mp3
46 Tempo;Es ist windig.;Está ventando.;https://radiodownloaddw-a.akamaihd.net/Events/dwelle/deutschkurse/deutschtrainer/wortschatz/Deutschtrainer-Es-ist-windig.mp3
46 Tempo;Mir ist kalt.;Eu estou com frio.;https://radiodownloaddw-a.akamaihd.net/Events/dwelle/deutschkurse/deutschtrainer/wortschatz/Deutschtrainer-Mir-ist-kalt.mp3
46 Tempo;Mir ist heiß.;Eu estou com calor.;https://radiodownloaddw-a.akamaihd.net/Events/dwelle/deutschkurse/deutschtrainer/wortschatz/Deutschtrainer-Mir-ist-heiss.mp3
46 Tempo;Morgen werden es 30 Grad.;Amanhã vai fazer 30 graus.;https://radiodownloaddw-a.akamaihd.net/Events/dwelle/deutschkurse/deutschtrainer/wortschatz/Deutschtrainer-Morgen-werden-es-30-Grad.mp3
46 Tempo;Heute sind es minus 5 Grad.;Hoje está fazendo cinco graus abaixo de zero.;https://radiodownloaddw-a.akamaihd.net/Events/dwelle/deutschkurse/deutschtrainer/wortschatz/Deutschtrainer-Heute-sind-es-minus-5-Grad.mp3
46 Tempo;Zieh dich warm an.;Agasalhe-se.;https://radiodownloaddw-a.akamaihd.net/Events/dwelle/deutschkurse/deutschtrainer/wortschatz/Deutschtrainer-Zieh-dich-warm-an.mp347 Lazer e esporte;die Freizeit;o lazer;https://radiodownloaddw-a.akamaihd.net/Events/dwelle/deutschkurse/deutschtrainer/wortschatz/Deutschtrainer-Freizeit-Singular.mp3
47 Lazer e esporte;Was machst du in deiner Freizeit?;O que você faz nas horas de lazer?;https://radiodownloaddw-a.akamaihd.net/Events/dwelle/deutschkurse/deutschtrainer/wortschatz/Deutschtrainer-Was-machst-du-in-deiner-Freizeit.mp3
47 Lazer e esporte;Ich mache Sport.;Eu pratico esporte.;https://radiodownloaddw-a.akamaihd.net/Events/dwelle/deutschkurse/deutschtrainer/wortschatz/Deutschtrainer-Ich-mache-Sport.mp3
47 Lazer e esporte;Ich spiele Fußball.;Eu jogo futebol.;https://radiodownloaddw-a.akamaihd.net/Events/dwelle/deutschkurse/deutschtrainer/wortschatz/Deutschtrainer-Ich-spiele-Fussball.mp3
47 Lazer e esporte;Ich tanze gern.;Eu gosto de dançar.;https://radiodownloaddw-a.akamaihd.net/Events/dwelle/deutschkurse/deutschtrainer/wortschatz/Deutschtrainer-Ich-tanze-gern.mp3
47 Lazer e esporte;Ich gehe spazieren.;Eu vou passear.;https://radiodownloaddw-a.akamaihd.net/Events/dwelle/deutschkurse/deutschtrainer/wortschatz/Deutschtrainer-Ich-gehe-spazieren.mp3
47 Lazer e esporte;Ich gehe joggen.;Eu corro.;https://radiodownloaddw-a.akamaihd.net/Events/dwelle/deutschkurse/deutschtrainer/wortschatz/Deutschtrainer-Ich-gehe-joggen.mp3
47 Lazer e esporte;Ich gehe schwimmen.;Eu vou nadar.;https://radiodownloaddw-a.akamaihd.net/Events/dwelle/deutschkurse/deutschtrainer/wortschatz/Deutschtrainer-Ich-gehe-schwimmen.mp3
47 Lazer e esporte;Ich gehe klettern.;Eu pratico escalada.;https://radiodownloaddw-a.akamaihd.net/Events/dwelle/deutschkurse/deutschtrainer/wortschatz/Deutschtrainer-Ich-gehe-klettern.mp3
47 Lazer e esporte;Ich gehe wandern.;Eu faço trilha.;https://radiodownloaddw-a.akamaihd.net/Events/dwelle/deutschkurse/deutschtrainer/wortschatz/Deutschtrainer-Ich-gehe-wandern-1.mp3
47 Lazer e esporte;Ich fahre gern Fahrrad.;Eu gosto de andar de bicicleta.;https://radiodownloaddw-a.akamaihd.net/Events/dwelle/deutschkurse/deutschtrainer/wortschatz/Deutschtrainer-Ich-fahre-gern-Fahrrad.mp3
47 Lazer e esporte;Ich gehe ins Fitnessstudio.;Eu vou à academia de ginástica.;https://radiodownloaddw-a.akamaihd.net/Events/dwelle/deutschkurse/deutschtrainer/wortschatz/Deutschtrainer-Ich-gehe-ins-Fitnessstudio.mp3
47 Lazer e esporte;Ich schwimme gern.;Eu gosto de nadar.;https://radiodownloaddw-a.akamaihd.net/Events/dwelle/deutschkurse/deutschtrainer/wortschatz/Deutschtrainer-Ich-schwimme-gern.mp3
47 Lazer e esporte;Ich fahre gerne Ski.;Eu gosto de esquiar.;https://radiodownloaddw-a.akamaihd.net/Events/dwelle/deutschkurse/deutschtrainer/wortschatz/Deutschtrainer-Ich-fahre-gerne-Ski.mp3
47 Lazer e esporte;Kommst du mit?;Você vem junto?;https://radiodownloaddw-a.akamaihd.net/Events/dwelle/deutschkurse/deutschtrainer/wortschatz/Deutschtrainer-Kommst-du-mit.mp348 Hobbies;das Hobby, die Hobbys;o hobby;https://radiodownloaddw-a.akamaihd.net/Events/dwelle/deutschkurse/deutschtrainer/wortschatz/Deutschtrainer-Hobby.mp3
48 Hobbies;Was sind deine Hobbys?;Quais são os seus hobbies?;https://radiodownloaddw-a.akamaihd.net/Events/dwelle/deutschkurse/deutschtrainer/wortschatz/Deutschtrainer-Was-sind-deine-Hobbys.mp3
48 Hobbies;Ich lese gern.;Eu gosto de ler.;https://radiodownloaddw-a.akamaihd.net/Events/dwelle/deutschkurse/deutschtrainer/wortschatz/Deutschtrainer-Ich-lese-gern.mp3
48 Hobbies;Ich koche gern.;Eu gosto de cozinhar.;https://radiodownloaddw-a.akamaihd.net/Events/dwelle/deutschkurse/deutschtrainer/wortschatz/Deutschtrainer-Ich-koche-gern.mp3
48 Hobbies;Ich höre gerne Musik.;Eu gosto de escutar música.;https://radiodownloaddw-a.akamaihd.net/Events/dwelle/deutschkurse/deutschtrainer/wortschatz/Deutschtrainer-Ich-hoere-gerne-Musik.mp3
48 Hobbies;Ich singe gern.;Eu gosto de cantar.;https://radiodownloaddw-a.akamaihd.net/Events/dwelle/deutschkurse/deutschtrainer/wortschatz/Deutschtrainer-Ich-singe-gern.mp3
48 Hobbies;Ich gehe gern ins Kino.;Eu gosto de ir ao cinema.;https://radiodownloaddw-a.akamaihd.net/Events/dwelle/deutschkurse/deutschtrainer/wortschatz/Deutschtrainer-Ich-gehe-gern-ins-Kino.mp3
48 Hobbies;Ich gehe gern ins Theater.;Eu gosto de ir ao teatro.;https://radiodownloaddw-a.akamaihd.net/Events/dwelle/deutschkurse/deutschtrainer/wortschatz/Deutschtrainer-Ich-gehe-gern-ins-Theater.mp3
48 Hobbies;Ich fotografiere gern.;Eu gosto de fotografar.;https://radiodownloaddw-a.akamaihd.net/Events/dwelle/deutschkurse/deutschtrainer/wortschatz/Deutschtrainer-Ich-fotografiere-gern.mp3
48 Hobbies;Ich male gern.;Eu gosto de pintar.;https://radiodownloaddw-a.akamaihd.net/Events/dwelle/deutschkurse/deutschtrainer/wortschatz/Deutschtrainer-Ich-male-gern.mp3
48 Hobbies;Ich gehe gern ins Museum.;Eu gosto de ir ao museu.;https://radiodownloaddw-a.akamaihd.net/Events/dwelle/deutschkurse/deutschtrainer/wortschatz/Deutschtrainer-Ich-gehe-gern-ins-Museum.mp3
48 Hobbies;Ich surfe im Internet.;Eu fico na internet.;https://radiodownloaddw-a.akamaihd.net/Events/dwelle/deutschkurse/deutschtrainer/wortschatz/Deutschtrainer-Ich-surfe-im-Internet.mp3
48 Hobbies;Ich spiele Computerspiele.;Eu jogo no computador.;https://radiodownloaddw-a.akamaihd.net/Events/dwelle/deutschkurse/deutschtrainer/wortschatz/Deutschtrainer-Ich-spiele-Computerspiele.mp3
48 Hobbies;Ich treffe mich mit Freunden.;Eu me encontro com amigos.;https://radiodownloaddw-a.akamaihd.net/Events/dwelle/deutschkurse/deutschtrainer/wortschatz/Deutschtrainer-Ich-treffe-mich-mit-Freunden-1.mp3
48 Hobbies;Ich gehe gern shoppen.;Eu gosto de fazer compras.;https://radiodownloaddw-a.akamaihd.net/Events/dwelle/deutschkurse/deutschtrainer/wortschatz/Deutschtrainer-Ich-gehe-gern-shoppen.mp3
48 Hobbies;Ich höre lieber Musik.;Eu prefiro escutar música.;https://radiodownloaddw-a.akamaihd.net/Events/dwelle/deutschkurse/deutschtrainer/wortschatz/Deutschtrainer-Ich-hoere-lieber-Musik.mp349 Computador;der Rechner, die Rechner;o computador;https://radiodownloaddw-a.akamaihd.net/Events/dwelle/deutschkurse/deutschtrainer/wortschatz/Deutschtrainer-Rechner.mp3
49 Computador;der Computer, die Computer;o computador;https://radiodownloaddw-a.akamaihd.net/Events/dwelle/deutschkurse/deutschtrainer/wortschatz/Deutschtrainer-Computer.mp3
49 Computador;Kann ich deinen Rechner benutzen?;Posso usar o seu computador?;https://radiodownloaddw-a.akamaihd.net/Events/dwelle/deutschkurse/deutschtrainer/wortschatz/Deutschtrainer-Kann-ich-deinen-Rechner-benutzen.mp3
49 Computador;das Tablet, die Tablets;o tablet;https://radiodownloaddw-a.akamaihd.net/Events/dwelle/deutschkurse/deutschtrainer/wortschatz/Deutschtrainer-Tablet.mp3
49 Computador;Ich habe ein Tablet.;Eu tenho um tablet.;https://radiodownloaddw-a.akamaihd.net/Events/dwelle/deutschkurse/deutschtrainer/wortschatz/Deutschtrainer-Ich-habe-ein-Tablet.mp3
49 Computador;die Tastatur, die Tastaturen;o teclado;https://radiodownloaddw-a.akamaihd.net/Events/dwelle/deutschkurse/deutschtrainer/wortschatz/Deutschtrainer-Tastatur.mp3
49 Computador;die Maus, die Mäuse;o mouse;https://radiodownloaddw-a.akamaihd.net/Events/dwelle/deutschkurse/deutschtrainer/wortschatz/Deutschtrainer-Maus.mp3
49 Computador;der Monitor, die Monitore;o monitor;https://radiodownloaddw-a.akamaihd.net/Events/dwelle/deutschkurse/deutschtrainer/wortschatz/Deutschtrainer-Monitor.mp3
49 Computador;Ich mache den Rechner an.;Eu ligo o computador.;https://radiodownloaddw-a.akamaihd.net/Events/dwelle/deutschkurse/deutschtrainer/wortschatz/Deutschtrainer-Ich-mache-den-Rechner-an.mp3
49 Computador;Ich fahre den Rechner runter.;Eu desligo o computador.;https://radiodownloaddw-a.akamaihd.net/Events/dwelle/deutschkurse/deutschtrainer/wortschatz/Deutschtrainer-Ich-fahre-den-Rechner-runter.mp3
49 Computador;Ich speichere die Datei.;Eu salvo o arquivo.;https://radiodownloaddw-a.akamaihd.net/Events/dwelle/deutschkurse/deutschtrainer/wortschatz/Deutschtrainer-Ich-speichere-die-Datei.mp3
49 Computador;Ich lösche die Datei.;Eu apago o arquivo.;https://radiodownloaddw-a.akamaihd.net/Events/dwelle/deutschkurse/deutschtrainer/wortschatz/Deutschtrainer-Ich-loesche-die-Datei.mp3
49 Computador;Ich erstelle einen Ordner.;Eu crio uma pasta.;https://radiodownloaddw-a.akamaihd.net/Events/dwelle/deutschkurse/deutschtrainer/wortschatz/Deutschtrainer-Ich-erstelle-einen-Ordner.mp3
49 Computador;die Datei, die Dateien;o arquivo;https://radiodownloaddw-a.akamaihd.net/Events/dwelle/deutschkurse/deutschtrainer/wortschatz/Deutschtrainer-Datei.mp3
49 Computador;der USB-Stick, die USB-Sticks;o pen drive;https://radiodownloaddw-a.akamaihd.net/Events/dwelle/deutschkurse/deutschtrainer/wortschatz/Deutschtrainer-USB-Stick.mp3
49 Computador;Ich habe die Datei auf einem Stick.;Eu tenho o arquivo no pen drive.;https://radiodownloaddw-a.akamaihd.net/Events/dwelle/deutschkurse/deutschtrainer/wortschatz/Deutschtrainer-Ich-habe-die-Datei-auf-einem-Stick.mp3
49 Computador;die Festplatte, die Festplatten;o HD externo;https://radiodownloaddw-a.akamaihd.net/Events/dwelle/deutschkurse/deutschtrainer/wortschatz/Deutschtrainer-Festplatte.mp3
49 Computador;der Drucker, die Drucker;a impressora;https://radiodownloaddw-a.akamaihd.net/Events/dwelle/deutschkurse/deutschtrainer/wortschatz/Deutschtrainer-Drucker.mp3
49 Computador;Können Sie das für mich ausdrucken?;O(a) senhor(a) poderia imprimir isto para mim?;https://radiodownloaddw-a.akamaihd.net/Events/dwelle/deutschkurse/deutschtrainer/wortschatz/Deutschtrainer-Koennen-Sie-das-fuer-mich-ausdrucken.mp350 Na internet;Entschuldigung, gibt es hier WLAN?;Com licença, aqui tem wi-fi?;https://radiodownloaddw-a.akamaihd.net/Events/dwelle/deutschkurse/deutschtrainer/wortschatz/Deutschtrainer-Entschuldigung-gibt-es-hier-W-LAN.mp3
50 Na internet;Wie ist das Passwort?;Qual é a senha?;https://radiodownloaddw-a.akamaihd.net/Events/dwelle/deutschkurse/deutschtrainer/wortschatz/Deutschtrainer-Wie-ist-das-Passwort.mp3
50 Na internet;Ich habe kein Internet.;Eu não tenho internet.;https://radiodownloaddw-a.akamaihd.net/Events/dwelle/deutschkurse/deutschtrainer/wortschatz/Deutschtrainer-Ich-habe-kein-Internet.mp3
50 Na internet;Ich habe kein Netz.;Eu estou sem rede.;https://radiodownloaddw-a.akamaihd.net/Events/dwelle/deutschkurse/deutschtrainer/wortschatz/Deutschtrainer-Ich-habe-kein-Netz.mp3
50 Na internet;Ich logge mich ein.;Eu vou fazer o login.;https://radiodownloaddw-a.akamaihd.net/Events/dwelle/deutschkurse/deutschtrainer/wortschatz/Deutschtrainer-Ich-logge-mich-ein.mp3
50 Na internet;Du musst dich anmelden.;Você precisa fazer o login.;https://radiodownloaddw-a.akamaihd.net/Events/dwelle/deutschkurse/deutschtrainer/wortschatz/Deutschtrainer-Du-musst-dich-anmelden.mp3
50 Na internet;Du musst dich ausloggen.;Você precisa fazer o logout.;https://radiodownloaddw-a.akamaihd.net/Events/dwelle/deutschkurse/deutschtrainer/wortschatz/Deutschtrainer-Du-musst-dich-ausloggen.mp3
50 Na internet;Hast du dich abgemeldet?;Você finalizou a sessão?;https://radiodownloaddw-a.akamaihd.net/Events/dwelle/deutschkurse/deutschtrainer/wortschatz/Deutschtrainer-Hast-du-dich-abgemeldet.mp3
50 Na internet;die Webseite, die Webseiten;o site/a página de internet;https://radiodownloaddw-a.akamaihd.net/Events/dwelle/deutschkurse/deutschtrainer/wortschatz/Deutschtrainer-Webseite.mp3
50 Na internet;die URL, die URLs;o URL;https://radiodownloaddw-a.akamaihd.net/Events/dwelle/deutschkurse/deutschtrainer/wortschatz/Deutschtrainer-URL.mp3
50 Na internet;die Internetadresse, die Internetadressen;o endereço de internet;https://radiodownloaddw-a.akamaihd.net/Events/dwelle/deutschkurse/deutschtrainer/wortschatz/Deutschtrainer-Internetadresse.mp3
50 Na internet;www.dw.com;www.dw.com;https://radiodownloaddw-a.akamaihd.net/Events/dwelle/deutschkurse/deutschtrainer/wortschatz/Deutschtrainer-www-dw-com.mp3
50 Na internet;Das kannst du googeln.;Você pode pesquisar no Google.;https://radiodownloaddw-a.akamaihd.net/Events/dwelle/deutschkurse/deutschtrainer/wortschatz/Deutschtrainer-Das-kannst-du-googeln.mp3
50 Na internet;Ich muss eine Mail schicken.;Eu preciso enviar um e-mail.;https://radiodownloaddw-a.akamaihd.net/Events/dwelle/deutschkurse/deutschtrainer/wortschatz/Deutschtrainer-Ich-muss-eine-Mail-schicken.mp3
50 Na internet;Ich kann die Datei nicht herunterladen.;Eu não consigo baixar o arquivo.;https://radiodownloaddw-a.akamaihd.net/Events/dwelle/deutschkurse/deutschtrainer/wortschatz/Deutschtrainer-Ich-kann-die-Datei-nicht-herunterladen.mp3
50 Na internet;Ich möchte eine App installieren.;Eu gostaria de instalar um aplicativo.;https://radiodownloaddw-a.akamaihd.net/Events/dwelle/deutschkurse/deutschtrainer/wortschatz/Deutschtrainer-Ich-moechte-eine-App-installieren.mp3
50 Na internet;Kannst du den Link teilen?;Você pode compartilhar o link?;https://radiodownloaddw-a.akamaihd.net/Events/dwelle/deutschkurse/deutschtrainer/wortschatz/Deutschtrainer-Kannst-du-den-Link-teilen.mp351 Futebol;(der) Fußball;o futebol;https://radiodownloaddw-a.akamaihd.net/Events/dwelle/deutschkurse/deutschtrainer/wortschatz/Deutschtrainer-Fussball-Singular.mp3
51 Futebol;das Stadion, die Stadien;o estádio;https://radiodownloaddw-a.akamaihd.net/Events/dwelle/deutschkurse/deutschtrainer/wortschatz/Deutschtrainer-Stadion.mp3
51 Futebol;Ich gehe ins Stadion.;Eu vou ao estádio.;https://radiodownloaddw-a.akamaihd.net/Events/dwelle/deutschkurse/deutschtrainer/wortschatz/Deutschtrainer-Ich-gehe-ins-Stadion.mp3
51 Futebol;das Spiel, die Spiele;o jogo;https://radiodownloaddw-a.akamaihd.net/Events/dwelle/deutschkurse/deutschtrainer/wortschatz/Deutschtrainer-Spiel.mp3
51 Futebol;die Mannschaft, die Mannschaften;o time;https://radiodownloaddw-a.akamaihd.net/Events/dwelle/deutschkurse/deutschtrainer/wortschatz/Deutschtrainer-Mannschaft.mp3
51 Futebol;der Torwart, die Torwarte;o goleiro;https://radiodownloaddw-a.akamaihd.net/Events/dwelle/deutschkurse/deutschtrainer/wortschatz/Deutschtrainer-Torwart.mp3
51 Futebol;die Torwartin, die Torwartinnen;a goleira;https://radiodownloaddw-a.akamaihd.net/Events/dwelle/deutschkurse/deutschtrainer/wortschatz/Deutschtrainer-Torwartin.mp3
51 Futebol;der Stürmer, die Stürmer;o atacante;https://radiodownloaddw-a.akamaihd.net/Events/dwelle/deutschkurse/deutschtrainer/wortschatz/Deutschtrainer-Stuermer.mp3
51 Futebol;die Stürmerin, die Stürmerinnen;a atacante;https://radiodownloaddw-a.akamaihd.net/Events/dwelle/deutschkurse/deutschtrainer/wortschatz/Deutschtrainer-Stuermerin.mp3
51 Futebol;Er schießt ein Tor.;Ele marca um gol.;https://radiodownloaddw-a.akamaihd.net/Events/dwelle/deutschkurse/deutschtrainer/wortschatz/Deutschtrainer-Er-schiesst-ein-Tor.mp3
51 Futebol;Tor!;Gol!;https://radiodownloaddw-a.akamaihd.net/Events/dwelle/deutschkurse/deutschtrainer/wortschatz/Deutschtrainer-Tor.mp3
51 Futebol;der Verteidiger, die Verteidiger;o zagueiro;https://radiodownloaddw-a.akamaihd.net/Events/dwelle/deutschkurse/deutschtrainer/wortschatz/Deutschtrainer-Verteidiger.mp3
51 Futebol;die Verteidigerin, die Verteidigerinnen;a zagueira;https://radiodownloaddw-a.akamaihd.net/Events/dwelle/deutschkurse/deutschtrainer/wortschatz/Deutschtrainer-Verteidigerin.mp3
51 Futebol;der Schiedsrichter, die Schiedsrichter;o juiz;https://radiodownloaddw-a.akamaihd.net/Events/dwelle/deutschkurse/deutschtrainer/wortschatz/Deutschtrainer-Schiedsrichter.mp3
51 Futebol;die Schiedsrichterin, die Schiedsrichterinnen;a juíza;https://radiodownloaddw-a.akamaihd.net/Events/dwelle/deutschkurse/deutschtrainer/wortschatz/Deutschtrainer-Schiedsrichterin.mp3
51 Futebol;Es steht unentschieden.;Está empatado.;https://radiodownloaddw-a.akamaihd.net/Events/dwelle/deutschkurse/deutschtrainer/wortschatz/Deutschtrainer-Es-steht-unentschieden.mp3
51 Futebol;Für wen bist du?;Para quem você torce?;https://radiodownloaddw-a.akamaihd.net/Events/dwelle/deutschkurse/deutschtrainer/wortschatz/Deutschtrainer-Fuer-wen-bist-du.mp3
51 Futebol;Was ist deine Lieblingsmannschaft?;Qual é o seu time preferido?;https://radiodownloaddw-a.akamaihd.net/Events/dwelle/deutschkurse/deutschtrainer/wortschatz/Deutschtrainer-Was-ist-deine-Lieblingsmannschaft.mp3
51 Futebol;der Fan, die Fans;o torcedor;https://radiodownloaddw-a.akamaihd.net/Events/dwelle/deutschkurse/deutschtrainer/wortschatz/Deutschtrainer-Fan.mp3
51 Futebol;Wir haben gewonnen!;Nós ganhamos!;https://radiodownloaddw-a.akamaihd.net/Events/dwelle/deutschkurse/deutschtrainer/wortschatz/Deutschtrainer-Wir-haben-gewonnen.mp352 Vida noturna;Wir gehen feiern.;Nós vamos sair à noite.;https://radiodownloaddw-a.akamaihd.net/Events/dwelle/deutschkurse/deutschtrainer/wortschatz/Deutschtrainer-Wir-gehen-feiern.mp3
52 Vida noturna;Sollen wir ausgehen?;Vamos sair?;https://radiodownloaddw-a.akamaihd.net/Events/dwelle/deutschkurse/deutschtrainer/wortschatz/Deutschtrainer-Sollen-wir-ausgehen.mp3
52 Vida noturna;Ich treffe mich mit Freunden.;Eu vou me encontrar com amigos.;https://radiodownloaddw-a.akamaihd.net/Events/dwelle/deutschkurse/deutschtrainer/wortschatz/Deutschtrainer-Ich-treffe-mich-mit-Freunden-2.mp3
52 Vida noturna;das Wochenende, die Wochenenden;o fim de semana;https://radiodownloaddw-a.akamaihd.net/Events/dwelle/deutschkurse/deutschtrainer/wortschatz/Deutschtrainer-Wochenende-2.mp3
52 Vida noturna;die Kneipe, die Kneipen;o bar;https://radiodownloaddw-a.akamaihd.net/Events/dwelle/deutschkurse/deutschtrainer/wortschatz/Deutschtrainer-Kneipe.mp3
52 Vida noturna;Lass uns in die Kneipe gehen.;Vamos ao bar.;https://radiodownloaddw-a.akamaihd.net/Events/dwelle/deutschkurse/deutschtrainer/wortschatz/Deutschtrainer-Lass-uns-in-die-Kneipe-gehen.mp3
52 Vida noturna;Möchtest du tanzen?;Você quer dançar?;https://radiodownloaddw-a.akamaihd.net/Events/dwelle/deutschkurse/deutschtrainer/wortschatz/Deutschtrainer-Moechtest-du-tanzen.mp3
52 Vida noturna;der Club, die Clubs;o clube;https://radiodownloaddw-a.akamaihd.net/Events/dwelle/deutschkurse/deutschtrainer/wortschatz/Deutschtrainer-Club.mp3
52 Vida noturna;Wir gehen in den Club.;Nós vamos ao clube.;https://radiodownloaddw-a.akamaihd.net/Events/dwelle/deutschkurse/deutschtrainer/wortschatz/Deutschtrainer-Wir-gehen-in-den-Club.mp3
52 Vida noturna;der Cocktail, die Cocktails;o coquetel;https://radiodownloaddw-a.akamaihd.net/Events/dwelle/deutschkurse/deutschtrainer/wortschatz/Deutschtrainer-Cocktail.mp3
52 Vida noturna;das Bier, die Biere;a cerveja;https://radiodownloaddw-a.akamaihd.net/Events/dwelle/deutschkurse/deutschtrainer/wortschatz/Deutschtrainer-Bier-2.mp3
52 Vida noturna;Ich gebe dir einen aus.;Eu lhe pago uma rodada.;https://radiodownloaddw-a.akamaihd.net/Events/dwelle/deutschkurse/deutschtrainer/wortschatz/Deutschtrainer-Ich-gebe-dir-einen-aus.mp3
52 Vida noturna;Du bist betrunken.;Você está bêbado(a).;https://radiodownloaddw-a.akamaihd.net/Events/dwelle/deutschkurse/deutschtrainer/wortschatz/Deutschtrainer-Du-bist-betrunken.mp353 Aonde você vai?;Wohin gehst du?;Aonde você vai?;https://radiodownloaddw-a.akamaihd.net/Events/dwelle/deutschkurse/deutschtrainer/wortschatz/Deutschtrainer-Wohin-gehst-du-1.mp3
53 Aonde você vai?;Ich gehe zum Supermarkt.;Eu vou ao supermercado.;https://radiodownloaddw-a.akamaihd.net/Events/dwelle/deutschkurse/deutschtrainer/wortschatz/Deutschtrainer-Ich-gehe-zum-Supermarkt.mp3
53 Aonde você vai?;Ich gehe zur Apotheke.;Eu vou à farmácia.;https://radiodownloaddw-a.akamaihd.net/Events/dwelle/deutschkurse/deutschtrainer/wortschatz/Deutschtrainer-Ich-gehe-zur-Apotheke.mp3
53 Aonde você vai?;Ich gehe zur Bank.;Eu vou ao banco.;https://radiodownloaddw-a.akamaihd.net/Events/dwelle/deutschkurse/deutschtrainer/wortschatz/Deutschtrainer-Ich-gehe-zur-Bank-2.mp3
53 Aonde você vai?;Ich gehe zu meinem Vater.;Eu vou visitar meu pai.;https://radiodownloaddw-a.akamaihd.net/Events/dwelle/deutschkurse/deutschtrainer/wortschatz/Deutschtrainer-Ich-gehe-zu-meinem-Vater.mp3
53 Aonde você vai?;Ich gehe zum Arzt.;Eu vou ao médico.;https://radiodownloaddw-a.akamaihd.net/Events/dwelle/deutschkurse/deutschtrainer/wortschatz/Deutschtrainer-Ich-gehe-zum-Arzt.mp3
53 Aonde você vai?;Ich gehe zum Auto.;Eu vou para o carro.;https://radiodownloaddw-a.akamaihd.net/Events/dwelle/deutschkurse/deutschtrainer/wortschatz/Deutschtrainer-Ich-gehe-zum-Auto.mp3
53 Aonde você vai?;Ich gehe in die Bibliothek.;Eu vou à biblioteca.;https://radiodownloaddw-a.akamaihd.net/Events/dwelle/deutschkurse/deutschtrainer/wortschatz/Deutschtrainer-Ich-gehe-in-die-Bibliothek.mp3
53 Aonde você vai?;Ich gehe in den Park.;Eu vou ao parque.;https://radiodownloaddw-a.akamaihd.net/Events/dwelle/deutschkurse/deutschtrainer/wortschatz/Deutschtrainer-Ich-gehe-in-den-Park.mp3
53 Aonde você vai?;Ich gehe ins Büro.;Eu vou para o escritório.;https://radiodownloaddw-a.akamaihd.net/Events/dwelle/deutschkurse/deutschtrainer/wortschatz/Deutschtrainer-Ich-gehe-ins-Buero.mp3
53 Aonde você vai?;Ich gehe ins Kino.;Eu vou ao cinema.;https://radiodownloaddw-a.akamaihd.net/Events/dwelle/deutschkurse/deutschtrainer/wortschatz/Deutschtrainer-Ich-gehe-ins-Kino.mp354 No restaurante;das Restaurant, die Restaurants;o restaurante;https://radiodownloaddw-a.akamaihd.net/Events/dwelle/deutschkurse/deutschtrainer/wortschatz/Deutschtrainer-Restaurant.mp3
54 No restaurante;Hier ist die Speisekarte.;Aqui está o cardápio.;https://radiodownloaddw-a.akamaihd.net/Events/dwelle/deutschkurse/deutschtrainer/wortschatz/Deutschtrainer-Hier-ist-die-Speisekarte.mp3
54 No restaurante;die Vorspeise, die Vorspeisen;a entrada;https://radiodownloaddw-a.akamaihd.net/Events/dwelle/deutschkurse/deutschtrainer/wortschatz/Deutschtrainer-Vorspeise.mp3
54 No restaurante;die Hauptspeise, die Hauptspeisen;o prato principal;https://radiodownloaddw-a.akamaihd.net/Events/dwelle/deutschkurse/deutschtrainer/wortschatz/Deutschtrainer-Hauptspeise.mp3
54 No restaurante;der Nachtisch, die Nachtische;a sobremesa;https://radiodownloaddw-a.akamaihd.net/Events/dwelle/deutschkurse/deutschtrainer/wortschatz/Deutschtrainer-Nachtisch-2.mp3
54 No restaurante;Ich nehme eine Suppe.;Eu vou tomar uma sopa.;https://radiodownloaddw-a.akamaihd.net/Events/dwelle/deutschkurse/deutschtrainer/wortschatz/Deutschtrainer-Ich-nehme-eine-Suppe.mp3
54 No restaurante;Haben Sie Salat?;Tem salada?;https://radiodownloaddw-a.akamaihd.net/Events/dwelle/deutschkurse/deutschtrainer/wortschatz/Deutschtrainer-Haben-Sie-Salat.mp3
54 No restaurante;Ich hätte gern ein Schnitzel.;Eu gostaria de um bife à milanesa.;https://radiodownloaddw-a.akamaihd.net/Events/dwelle/deutschkurse/deutschtrainer/wortschatz/Deutschtrainer-Ich-haette-gern-ein-Schnitzel.mp3
54 No restaurante;Wir haben kein Schnitzel.;Nós não temos bife à milanesa.;https://radiodownloaddw-a.akamaihd.net/Events/dwelle/deutschkurse/deutschtrainer/wortschatz/Deutschtrainer-Wir-haben-kein-Schnitzel.mp3
54 No restaurante;Wir haben heute Spaghetti.;Hoje temos espaguete.;https://radiodownloaddw-a.akamaihd.net/Events/dwelle/deutschkurse/deutschtrainer/wortschatz/Deutschtrainer-Wir-haben-heute-Spaghetti.mp3
54 No restaurante;Ich nehme das Menü 1.;Eu vou pegar o menu 1.;https://radiodownloaddw-a.akamaihd.net/Events/dwelle/deutschkurse/deutschtrainer/wortschatz/Deutschtrainer-Ich-nehme-das-Menue-1.mp3
54 No restaurante;Die Rechnung bitte!;A conta, por favor!;https://radiodownloaddw-a.akamaihd.net/Events/dwelle/deutschkurse/deutschtrainer/wortschatz/Deutschtrainer-Die-Rechnung-bitte.mp3
54 No restaurante;Ich möchte gerne zahlen.;Eu gostaria de pagar.;https://radiodownloaddw-a.akamaihd.net/Events/dwelle/deutschkurse/deutschtrainer/wortschatz/Deutschtrainer-Ich-moechte-gerne-zahlen.mp3
54 No restaurante;Zusammen oder getrennt?;Junto ou separado?;https://radiodownloaddw-a.akamaihd.net/Events/dwelle/deutschkurse/deutschtrainer/wortschatz/Deutschtrainer-Zusammen-oder-getrennt.mp3
54 No restaurante;Wir möchten getrennt zahlen bitte.;Nós queremos pagar separado, por favor.;https://radiodownloaddw-a.akamaihd.net/Events/dwelle/deutschkurse/deutschtrainer/wortschatz/Deutschtrainer-Wir-moechten-getrennt-zahlen-bitte.mp355 Guloseimas;die Schokolade;o chocolate;https://radiodownloaddw-a.akamaihd.net/Events/dwelle/deutschkurse/deutschtrainer/wortschatz/Deutschtrainer-Schokolade-Singular.mp3
55 Guloseimas;Ich esse gerne Schokolade.;Eu gosto de chocolate.;https://radiodownloaddw-a.akamaihd.net/Events/dwelle/deutschkurse/deutschtrainer/wortschatz/Deutschtrainer-Ich-esse-gerne-Schokolade.mp3
55 Guloseimas;die Praline, die Pralinen;o bombom;https://radiodownloaddw-a.akamaihd.net/Events/dwelle/deutschkurse/deutschtrainer/wortschatz/Deutschtrainer-Praline.mp3
55 Guloseimas;das Gummibärchen, die Gummibärchen;o ursinho de goma;https://radiodownloaddw-a.akamaihd.net/Events/dwelle/deutschkurse/deutschtrainer/wortschatz/Deutschtrainer-Gummibaerchen.mp3
55 Guloseimas;das Eis;o sorvete;https://radiodownloaddw-a.akamaihd.net/Events/dwelle/deutschkurse/deutschtrainer/wortschatz/Deutschtrainer-Eis-Singular.mp3
55 Guloseimas;Eine Kugel Eis bitte!;Uma bola de sorvete, por favor!;https://radiodownloaddw-a.akamaihd.net/Events/dwelle/deutschkurse/deutschtrainer/wortschatz/Deutschtrainer-Eine-Kugel-Eis-bitte.mp3
55 Guloseimas;der Keks, die Kekse;o biscoito/a bolacha;https://radiodownloaddw-a.akamaihd.net/Events/dwelle/deutschkurse/deutschtrainer/wortschatz/Deutschtrainer-Keks.mp3
55 Guloseimas;der Kuchen, die Kuchen;o bolo;https://radiodownloaddw-a.akamaihd.net/Events/dwelle/deutschkurse/deutschtrainer/wortschatz/Deutschtrainer-Kuchen.mp3
55 Guloseimas;das Bonbon, die Bonbons;a bala;https://radiodownloaddw-a.akamaihd.net/Events/dwelle/deutschkurse/deutschtrainer/wortschatz/Deutschtrainer-Bonbon.mp3
55 Guloseimas;das Kaugummi, die Kaugummis;o chiclete;https://radiodownloaddw-a.akamaihd.net/Events/dwelle/deutschkurse/deutschtrainer/wortschatz/Deutschtrainer-Kaugummi.mp3
55 Guloseimas;der Chip, die Chips;o chips/o salgadinho;https://radiodownloaddw-a.akamaihd.net/Events/dwelle/deutschkurse/deutschtrainer/wortschatz/Deutschtrainer-Chip.mp3
55 Guloseimas;Ich esse oft Chips.;Eu como chips com frequência.;https://radiodownloaddw-a.akamaihd.net/Events/dwelle/deutschkurse/deutschtrainer/wortschatz/Deutschtrainer-Ich-esse-oft-Chips.mp3
55 Guloseimas;die Erdnuss, die Erdnüsse;o amendoim;https://radiodownloaddw-a.akamaihd.net/Events/dwelle/deutschkurse/deutschtrainer/wortschatz/Deutschtrainer-Erdnuss.mp3
55 Guloseimas;das Popcorn;a pipoca;https://radiodownloaddw-a.akamaihd.net/Events/dwelle/deutschkurse/deutschtrainer/wortschatz/Deutschtrainer-Popcorn-Singular.mp356 Cozinhar;Wir kochen zusammen.;Nós vamos cozinhar juntos.;https://radiodownloaddw-a.akamaihd.net/Events/dwelle/deutschkurse/deutschtrainer/wortschatz/Deutschtrainer-Wir-kochen-zusammen.mp3
56 Cozinhar;Ich schneide die Zwiebeln.;Eu pico a cebola.;https://radiodownloaddw-a.akamaihd.net/Events/dwelle/deutschkurse/deutschtrainer/wortschatz/Deutschtrainer-Ich-schneide-die-Zwiebeln.mp3
56 Cozinhar;Du schälst die Kartoffeln.;Você descasca as batatas.;https://radiodownloaddw-a.akamaihd.net/Events/dwelle/deutschkurse/deutschtrainer/wortschatz/Deutschtrainer-Du-schaelst-die-Kartoffeln.mp3
56 Cozinhar;der Topf, die Töpfe;a panela;https://radiodownloaddw-a.akamaihd.net/Events/dwelle/deutschkurse/deutschtrainer/wortschatz/Deutschtrainer-Topf.mp3
56 Cozinhar;die Pfanne, die Pfannen;a frigideira;https://radiodownloaddw-a.akamaihd.net/Events/dwelle/deutschkurse/deutschtrainer/wortschatz/Deutschtrainer-Pfanne.mp3
56 Cozinhar;Ich brate die Kartoffeln.;Eu douro as batatas.;https://radiodownloaddw-a.akamaihd.net/Events/dwelle/deutschkurse/deutschtrainer/wortschatz/Deutschtrainer-Ich-brate-die-Kartoffeln.mp3
56 Cozinhar;Alles gut umrühren.;Misturar tudo muito bem!;https://radiodownloaddw-a.akamaihd.net/Events/dwelle/deutschkurse/deutschtrainer/wortschatz/Deutschtrainer-Alles-gut-umruehren.mp3
56 Cozinhar;Mit Salz und Pfeffer würzen!;Temperar com sal e pimenta!;https://radiodownloaddw-a.akamaihd.net/Events/dwelle/deutschkurse/deutschtrainer/wortschatz/Deutschtrainer-Mit-Salz-und-Pfeffer-wuerzen.mp3
56 Cozinhar;Wir backen einen Kuchen.;Nós estamos fazendo um bolo.;https://radiodownloaddw-a.akamaihd.net/Events/dwelle/deutschkurse/deutschtrainer/wortschatz/Deutschtrainer-Wir-backen-einen-Kuchen.mp3
56 Cozinhar;Wir fügen Mehl hinzu.;Nós adicionamos a farinha.;https://radiodownloaddw-a.akamaihd.net/Events/dwelle/deutschkurse/deutschtrainer/wortschatz/Deutschtrainer-Wir-fuegen-Mehl-hinzu.mp3
56 Cozinhar;der Liter, die Liter;o litro;https://radiodownloaddw-a.akamaihd.net/Events/dwelle/deutschkurse/deutschtrainer/wortschatz/Deutschtrainer-Liter.mp3
56 Cozinhar;ein Liter;um litro;https://radiodownloaddw-a.akamaihd.net/Events/dwelle/deutschkurse/deutschtrainer/wortschatz/Deutschtrainer-ein-Liter.mp3
56 Cozinhar;das Gramm, die Gramme;o grama;https://radiodownloaddw-a.akamaihd.net/Events/dwelle/deutschkurse/deutschtrainer/wortschatz/Deutschtrainer-Gramm.mp3
56 Cozinhar;100 Gramm;100 gramas;https://radiodownloaddw-a.akamaihd.net/Events/dwelle/deutschkurse/deutschtrainer/wortschatz/Deutschtrainer-100-Gramm.mp3
56 Cozinhar;der Teelöffel, die Teelöffel;a colher de chá;https://radiodownloaddw-a.akamaihd.net/Events/dwelle/deutschkurse/deutschtrainer/wortschatz/Deutschtrainer-Teeloeffel.mp3
56 Cozinhar;ein Teelöffel;uma colher de chá;https://radiodownloaddw-a.akamaihd.net/Events/dwelle/deutschkurse/deutschtrainer/wortschatz/Deutschtrainer-ein-Teeloeffel.mp3
56 Cozinhar;Wir müssen den Ofen vorheizen.;Nós precisamos preaquecer o forno.;https://radiodownloaddw-a.akamaihd.net/Events/dwelle/deutschkurse/deutschtrainer/wortschatz/Deutschtrainer-Wir-muessen-den-Ofen-vorheizen.mp358 Café da manhã;das Frühstück, die Frühstücke;o café da manhã;https://radiodownloaddw-a.akamaihd.net/Events/dwelle/deutschkurse/deutschtrainer/wortschatz/Deutschtrainer-Fruehstueck-2.mp3
58 Café da manhã;Wir frühstücken um 8 Uhr.;Nós tomamos o café da manhã às 8 horas.;https://radiodownloaddw-a.akamaihd.net/Events/dwelle/deutschkurse/deutschtrainer/wortschatz/Deutschtrainer-Wir-fruehstuecken-um-8-Uhr.mp3
58 Café da manhã;Ich trinke einen Kaffee.;Eu tomo um café.;https://radiodownloaddw-a.akamaihd.net/Events/dwelle/deutschkurse/deutschtrainer/wortschatz/Deutschtrainer-Ich-trinke-einen-Kaffee.mp3
58 Café da manhã;Ich möchte einen Orangensaft.;Eu gostaria de um suco de laranja.;https://radiodownloaddw-a.akamaihd.net/Events/dwelle/deutschkurse/deutschtrainer/wortschatz/Deutschtrainer-Ich-moechte-einen-Orangensaft.mp3
58 Café da manhã;Wie möchtest du dein Ei?;Como você quer o seu ovo?;https://radiodownloaddw-a.akamaihd.net/Events/dwelle/deutschkurse/deutschtrainer/wortschatz/Deutschtrainer-Wie-moechtest-du-dein-Ei.mp3
58 Café da manhã;Ich möchte ein hartgekochtes Ei.;Eu gostaria de um ovo bem cozido.;https://radiodownloaddw-a.akamaihd.net/Events/dwelle/deutschkurse/deutschtrainer/wortschatz/Deutschtrainer-Ich-moechte-ein-hartgekochtes-Ei.mp3
58 Café da manhã;eine Scheibe Brot;uma fatia de pão;https://radiodownloaddw-a.akamaihd.net/Events/dwelle/deutschkurse/deutschtrainer/wortschatz/Deutschtrainer-eine-Scheibe-Brot.mp3
58 Café da manhã;Ich nehme ein Brötchen.;Eu quero um pãozinho.;https://radiodownloaddw-a.akamaihd.net/Events/dwelle/deutschkurse/deutschtrainer/wortschatz/Deutschtrainer-Ich-nehme-ein-Broetchen.mp3
58 Café da manhã;die Butter;a manteiga;https://radiodownloaddw-a.akamaihd.net/Events/dwelle/deutschkurse/deutschtrainer/wortschatz/Deutschtrainer-Butter-Singular-2.mp3
58 Café da manhã;Hier ist die Marmelade.;Aqui está a geleia.;https://radiodownloaddw-a.akamaihd.net/Events/dwelle/deutschkurse/deutschtrainer/wortschatz/Deutschtrainer-Hier-ist-die-Marmelade.mp3
58 Café da manhã;der Honig, die Honige;o mel;https://radiodownloaddw-a.akamaihd.net/Events/dwelle/deutschkurse/deutschtrainer/wortschatz/Deutschtrainer-Honig.mp3
58 Café da manhã;Ich mag Frischkäse.;Eu gosto de cream cheese.;https://radiodownloaddw-a.akamaihd.net/Events/dwelle/deutschkurse/deutschtrainer/wortschatz/Deutschtrainer-Ich-mag-Frischkaese.mp3
58 Café da manhã;Ich esse gerne Leberwurst.;Eu gosto de patê de fígado.;https://radiodownloaddw-a.akamaihd.net/Events/dwelle/deutschkurse/deutschtrainer/wortschatz/Deutschtrainer-Ich-esse-gerne-Leberwurst.mp3
58 Café da manhã;Ich esse ein Müsli mit Milch.;Eu vou comer cereal com leite.;https://radiodownloaddw-a.akamaihd.net/Events/dwelle/deutschkurse/deutschtrainer/wortschatz/Deutschtrainer-Ich-esse-ein-Muesli-mit-Milch.mp357 Arrumar a mesa;Kannst du den Tisch decken?;Você pode arrumar a mesa?;https://radiodownloaddw-a.akamaihd.net/Events/dwelle/deutschkurse/deutschtrainer/wortschatz/Deutschtrainer-Kannst-du-den-Tisch-decken.mp3
57 Arrumar a mesa;die Tischdecke, die Tischdecken;a toalha de mesa;https://radiodownloaddw-a.akamaihd.net/Events/dwelle/deutschkurse/deutschtrainer/wortschatz/Deutschtrainer-Tischdecke.mp3
57 Arrumar a mesa;der Teller, die Teller;o prato;https://radiodownloaddw-a.akamaihd.net/Events/dwelle/deutschkurse/deutschtrainer/wortschatz/Deutschtrainer-Teller.mp3
57 Arrumar a mesa;Ich stelle den Teller auf den Tisch.;Eu coloco o prato sobre a mesa.;https://radiodownloaddw-a.akamaihd.net/Events/dwelle/deutschkurse/deutschtrainer/wortschatz/Deutschtrainer-Ich-stelle-den-Teller-auf-den-Tisch.mp3
57 Arrumar a mesa;der Suppenteller, die Suppenteller;o prato de sopa;https://radiodownloaddw-a.akamaihd.net/Events/dwelle/deutschkurse/deutschtrainer/wortschatz/Deutschtrainer-Suppenteller.mp3
57 Arrumar a mesa;das Geschirr;a louça;https://radiodownloaddw-a.akamaihd.net/Events/dwelle/deutschkurse/deutschtrainer/wortschatz/Deutschtrainer-Geschirr-Singular.mp3
57 Arrumar a mesa;das Besteck, die Bestecke;o talher;https://radiodownloaddw-a.akamaihd.net/Events/dwelle/deutschkurse/deutschtrainer/wortschatz/Deutschtrainer-Besteck.mp3
57 Arrumar a mesa;das Messer, die Messer;a faca;https://radiodownloaddw-a.akamaihd.net/Events/dwelle/deutschkurse/deutschtrainer/wortschatz/Deutschtrainer-Messer.mp3
57 Arrumar a mesa;die Gabel, die Gabeln;o garfo;https://radiodownloaddw-a.akamaihd.net/Events/dwelle/deutschkurse/deutschtrainer/wortschatz/Deutschtrainer-Gabel.mp3
57 Arrumar a mesa;Ich lege die Gabel neben das Messer.;Eu ponho o garfo ao lado da faca.;https://radiodownloaddw-a.akamaihd.net/Events/dwelle/deutschkurse/deutschtrainer/wortschatz/Deutschtrainer-Ich-lege-die-Gabel-neben-das-Messer.mp3
57 Arrumar a mesa;der Löffel, die Löffel;a colher;https://radiodownloaddw-a.akamaihd.net/Events/dwelle/deutschkurse/deutschtrainer/wortschatz/Deutschtrainer-Loeffel.mp3
57 Arrumar a mesa;die Tasse, die Tassen;a xícara;https://radiodownloaddw-a.akamaihd.net/Events/dwelle/deutschkurse/deutschtrainer/wortschatz/Deutschtrainer-Tasse.mp3
57 Arrumar a mesa;das Glas, die Gläser;o copo;https://radiodownloaddw-a.akamaihd.net/Events/dwelle/deutschkurse/deutschtrainer/wortschatz/Deutschtrainer-Glas.mp3
57 Arrumar a mesa;die Serviette, die Servietten;o guardanapo;https://radiodownloaddw-a.akamaihd.net/Events/dwelle/deutschkurse/deutschtrainer/wortschatz/Deutschtrainer-Serviette.mp3
57 Arrumar a mesa;Ich räume den Tisch ab.;Eu tiro a mesa.;https://radiodownloaddw-a.akamaihd.net/Events/dwelle/deutschkurse/deutschtrainer/wortschatz/Deutschtrainer-Ich-raeume-den-Tisch-ab.mp359 Perguntas com "W";Wer bist du?;Quem é você?;https://radiodownloaddw-a.akamaihd.net/Events/dwelle/deutschkurse/deutschtrainer/wortschatz/Deutschtrainer-Wer-bist-du-2.mp3
59 Perguntas com "W";Wie geht es dir?;Como você está?;https://radiodownloaddw-a.akamaihd.net/Events/dwelle/deutschkurse/deutschtrainer/wortschatz/Deutschtrainer-Wie-geht-es-dir-2.mp3
59 Perguntas com "W";Was ist das?;O que é isto?;https://radiodownloaddw-a.akamaihd.net/Events/dwelle/deutschkurse/deutschtrainer/wortschatz/Deutschtrainer-Was-ist-das.mp3
59 Perguntas com "W";Wie viel kostet das?;Quanto custa isto?;https://radiodownloaddw-a.akamaihd.net/Events/dwelle/deutschkurse/deutschtrainer/wortschatz/Deutschtrainer-Wie-viel-kostet-das.mp3
59 Perguntas com "W";Wo wohnst du?;Onde você mora?;https://radiodownloaddw-a.akamaihd.net/Events/dwelle/deutschkurse/deutschtrainer/wortschatz/Deutschtrainer-Wo-wohnst-du-2.mp3
59 Perguntas com "W";Warum lachst du?;Por que você está rindo?;https://radiodownloaddw-a.akamaihd.net/Events/dwelle/deutschkurse/deutschtrainer/wortschatz/Deutschtrainer-Warum-lachst-du.mp3
59 Perguntas com "W";Wann öffnet der Supermarkt?;Quando o supermercado abre?;https://radiodownloaddw-a.akamaihd.net/Events/dwelle/deutschkurse/deutschtrainer/wortschatz/Deutschtrainer-Wann-oeffnet-der-Supermarkt.mp3
59 Perguntas com "W";Wohin gehst du?;Para onde você vai?;https://radiodownloaddw-a.akamaihd.net/Events/dwelle/deutschkurse/deutschtrainer/wortschatz/Deutschtrainer-Wohin-gehst-du-2.mp3
59 Perguntas com "W";Woher kommst du?;De onde você vem?;https://radiodownloaddw-a.akamaihd.net/Events/dwelle/deutschkurse/deutschtrainer/wortschatz/Deutschtrainer-Woher-kommst-du-2.mp3
59 Perguntas com "W";Wen suchst du?;Quem você está procurando?;https://radiodownloaddw-a.akamaihd.net/Events/dwelle/deutschkurse/deutschtrainer/wortschatz/Deutschtrainer-Wen-suchst-du.mp3
59 Perguntas com "W";Für wen ist das?;Para quem é isto?;https://radiodownloaddw-a.akamaihd.net/Events/dwelle/deutschkurse/deutschtrainer/wortschatz/Deutschtrainer-Fuer-wen-ist-das.mp3
59 Perguntas com "W";Von wem ist das Lied?;De quem é a canção?;https://radiodownloaddw-a.akamaihd.net/Events/dwelle/deutschkurse/deutschtrainer/wortschatz/Deutschtrainer-Von-wem-ist-das-Lied.mp3
59 Perguntas com "W";Wem gehört das?;A quem pertence isto?;https://radiodownloaddw-a.akamaihd.net/Events/dwelle/deutschkurse/deutschtrainer/wortschatz/Deutschtrainer-Wem-gehoert-das.mp360 Descrever algo;Die Fabrik ist hässlich.;A fábrica é feia.;https://radiodownloaddw-a.akamaihd.net/Events/dwelle/deutschkurse/deutschtrainer/wortschatz/Deutschtrainer-Die-Fabrik-ist-haesslich.mp3
60 Descrever algo;Die Blume ist schön.;A flor é bela.;https://radiodownloaddw-a.akamaihd.net/Events/dwelle/deutschkurse/deutschtrainer/wortschatz/Deutschtrainer-Die-Blume-ist-schoen.mp3
60 Descrever algo;Der Zug ist schnell.;O trem é rápido.;https://radiodownloaddw-a.akamaihd.net/Events/dwelle/deutschkurse/deutschtrainer/wortschatz/Deutschtrainer-Der-Zug-ist-schnell.mp3
60 Descrever algo;Die Schnecke ist langsam.;O caracol é lento.;https://radiodownloaddw-a.akamaihd.net/Events/dwelle/deutschkurse/deutschtrainer/wortschatz/Deutschtrainer-Die-Schnecke-ist-langsam.mp3
60 Descrever algo;Der Stein ist schwer.;A pedra é pesada.;https://radiodownloaddw-a.akamaihd.net/Events/dwelle/deutschkurse/deutschtrainer/wortschatz/Deutschtrainer-Der-Stein-ist-schwer.mp3
60 Descrever algo;Die Feder ist leicht.;A pena é leve.;https://radiodownloaddw-a.akamaihd.net/Events/dwelle/deutschkurse/deutschtrainer/wortschatz/Deutschtrainer-Die-Feder-ist-leicht.mp3
60 Descrever algo;Das Holz ist hart.;A madeira é dura.;https://radiodownloaddw-a.akamaihd.net/Events/dwelle/deutschkurse/deutschtrainer/wortschatz/Deutschtrainer-Das-Holz-ist-hart.mp3
60 Descrever algo;Das Kissen ist weich.;A almofada é macia.;https://radiodownloaddw-a.akamaihd.net/Events/dwelle/deutschkurse/deutschtrainer/wortschatz/Deutschtrainer-Das-Kissen-ist-weich.mp3
60 Descrever algo;Der Film ist langweilig.;O filme é chato/monótono;https://radiodownloaddw-a.akamaihd.net/Events/dwelle/deutschkurse/deutschtrainer/wortschatz/Deutschtrainer-Der-Film-ist-langweilig.mp3
60 Descrever algo;Das Buch ist interessant.;O livro é interessante.;https://radiodownloaddw-a.akamaihd.net/Events/dwelle/deutschkurse/deutschtrainer/wortschatz/Deutschtrainer-Das-Buch-ist-interessant.mp3
60 Descrever algo;Der Schuh ist alt.;O sapato é velho.;https://radiodownloaddw-a.akamaihd.net/Events/dwelle/deutschkurse/deutschtrainer/wortschatz/Deutschtrainer-Der-Schuh-ist-alt.mp3
60 Descrever algo;Der Schuh ist neu.;O sapato é novo.;https://radiodownloaddw-a.akamaihd.net/Events/dwelle/deutschkurse/deutschtrainer/wortschatz/Deutschtrainer-Der-Schuh-ist-neu.mp361 Em casa;Das ist unser Haus.;Este é o nosso prédio.;https://radiodownloaddw-a.akamaihd.net/Events/dwelle/deutschkurse/deutschtrainer/wortschatz/Deutschtrainer-Das-ist-unser-Haus.mp3
61 Em casa;das Erdgeschoss, die Erdgeschosse;o andar térreo;https://radiodownloaddw-a.akamaihd.net/Events/dwelle/deutschkurse/deutschtrainer/wortschatz/Deutschtrainer-Erdgeschoss.mp3
61 Em casa;die Etage, die Etagen;o andar;https://radiodownloaddw-a.akamaihd.net/Events/dwelle/deutschkurse/deutschtrainer/wortschatz/Deutschtrainer-Etage.mp3
61 Em casa;Die Wohnung ist im ersten Stock.;O apartamento fica no primeiro andar.;https://radiodownloaddw-a.akamaihd.net/Events/dwelle/deutschkurse/deutschtrainer/wortschatz/Deutschtrainer-Die-Wohnung-ist-im-ersten-Stock.mp3
61 Em casa;das Dach, die Dächer;o telhado;https://radiodownloaddw-a.akamaihd.net/Events/dwelle/deutschkurse/deutschtrainer/wortschatz/Deutschtrainer-Dach.mp3
61 Em casa;Er wohnt unter dem Dach.;Ele mora no sótão.;https://radiodownloaddw-a.akamaihd.net/Events/dwelle/deutschkurse/deutschtrainer/wortschatz/Deutschtrainer-Er-wohnt-unter-dem-Dach.mp3
61 Em casa;der Keller, die Keller;o porão;https://radiodownloaddw-a.akamaihd.net/Events/dwelle/deutschkurse/deutschtrainer/wortschatz/Deutschtrainer-Keller-1.mp3
61 Em casa;die Treppe, die Treppen;a escada;https://radiodownloaddw-a.akamaihd.net/Events/dwelle/deutschkurse/deutschtrainer/wortschatz/Deutschtrainer-Treppe.mp3
61 Em casa;die Haustür, die Haustüren;a porta de entrada;https://radiodownloaddw-a.akamaihd.net/Events/dwelle/deutschkurse/deutschtrainer/wortschatz/Deutschtrainer-Haustuer.mp3
61 Em casa;die Klingel, die Klingeln;a campainha;https://radiodownloaddw-a.akamaihd.net/Events/dwelle/deutschkurse/deutschtrainer/wortschatz/Deutschtrainer-Klingel.mp3
61 Em casa;der Briefkasten, die Briefkästen;a caixa de correio;https://radiodownloaddw-a.akamaihd.net/Events/dwelle/deutschkurse/deutschtrainer/wortschatz/Deutschtrainer-Briefkasten.mp3
61 Em casa;der Hinterhof, die Hinterhöfe;os fundos;https://radiodownloaddw-a.akamaihd.net/Events/dwelle/deutschkurse/deutschtrainer/wortschatz/Deutschtrainer-Hinterhof.mp362 Na cozinha;Das ist die Küche.;Esta é a cozinha.;https://radiodownloaddw-a.akamaihd.net/Events/dwelle/deutschkurse/deutschtrainer/wortschatz/Deutschtrainer-Das-ist-die-Kueche.mp3
62 Na cozinha;der Herd, die Herde;o fogão;https://radiodownloaddw-a.akamaihd.net/Events/dwelle/deutschkurse/deutschtrainer/wortschatz/Deutschtrainer-Herd-2.mp3
62 Na cozinha;der Backofen, die Backöfen;o forno;https://radiodownloaddw-a.akamaihd.net/Events/dwelle/deutschkurse/deutschtrainer/wortschatz/Deutschtrainer-Backofen.mp3
62 Na cozinha;die Mikrowelle, die Mikrowellen;o microondas;https://radiodownloaddw-a.akamaihd.net/Events/dwelle/deutschkurse/deutschtrainer/wortschatz/Deutschtrainer-Mikrowelle.mp3
62 Na cozinha;die Kaffeemaschine, die Kaffeemaschinen;a máquina de café;https://radiodownloaddw-a.akamaihd.net/Events/dwelle/deutschkurse/deutschtrainer/wortschatz/Deutschtrainer-Kaffeemaschine.mp3
62 Na cozinha;der Toaster, die Toaster;a torradeira;https://radiodownloaddw-a.akamaihd.net/Events/dwelle/deutschkurse/deutschtrainer/wortschatz/Deutschtrainer-Toaster.mp3
62 Na cozinha;der Wasserkocher, die Wasserkocher;a chaleira elétrica;https://radiodownloaddw-a.akamaihd.net/Events/dwelle/deutschkurse/deutschtrainer/wortschatz/Deutschtrainer-Wasserkocher.mp3
62 Na cozinha;die Steckdose, die Steckdosen;a tomada;https://radiodownloaddw-a.akamaihd.net/Events/dwelle/deutschkurse/deutschtrainer/wortschatz/Deutschtrainer-Steckdose.mp3
62 Na cozinha;die Spülmaschine, die Spülmaschinen;a máquina de lavar louça;https://radiodownloaddw-a.akamaihd.net/Events/dwelle/deutschkurse/deutschtrainer/wortschatz/Deutschtrainer-Spuelmaschine.mp3
62 Na cozinha;das Spülbecken, die Spülbecken;a pia;https://radiodownloaddw-a.akamaihd.net/Events/dwelle/deutschkurse/deutschtrainer/wortschatz/Deutschtrainer-Spuelbecken.mp3
62 Na cozinha;der Kühlschrank, die Kühlschränke;a geladeira;https://radiodownloaddw-a.akamaihd.net/Events/dwelle/deutschkurse/deutschtrainer/wortschatz/Deutschtrainer-Kuehlschrank-2.mp3
62 Na cozinha;das Gefrierfach, die Gefrierfächer;o congelador;https://radiodownloaddw-a.akamaihd.net/Events/dwelle/deutschkurse/deutschtrainer/wortschatz/Deutschtrainer-Gefrierfach.mp3
62 Na cozinha;Der Mülleimer ist voll.;A lixeira está cheia.;https://radiodownloaddw-a.akamaihd.net/Events/dwelle/deutschkurse/deutschtrainer/wortschatz/Deutschtrainer-Der-Muelleimer-ist-voll.mp363 Na sala;Das ist das Wohnzimmer.;Esta é a sala.;https://radiodownloaddw-a.akamaihd.net/Events/dwelle/deutschkurse/deutschtrainer/wortschatz/Deutschtrainer-Das-ist-das-Wohnzimmer.mp3
63 Na sala;das Bücherregal, die Bücherregale;a estante;https://radiodownloaddw-a.akamaihd.net/Events/dwelle/deutschkurse/deutschtrainer/wortschatz/Deutschtrainer-Buecherregal.mp3
63 Na sala;der Sessel, die Sessel;a poltrona;https://radiodownloaddw-a.akamaihd.net/Events/dwelle/deutschkurse/deutschtrainer/wortschatz/Deutschtrainer-Sessel.mp3
63 Na sala;die Couch, die Couches;o sofá;https://radiodownloaddw-a.akamaihd.net/Events/dwelle/deutschkurse/deutschtrainer/wortschatz/Deutschtrainer-Couch.mp3
63 Na sala;Ich sitze gerne auf der Couch.;Eu gosto de me sentar no sofá.;https://radiodownloaddw-a.akamaihd.net/Events/dwelle/deutschkurse/deutschtrainer/wortschatz/Deutschtrainer-Ich-sitze-gerne-auf-der-Couch.mp3
63 Na sala;die Stehlampe, die Stehlampen;a luminária de chão;https://radiodownloaddw-a.akamaihd.net/Events/dwelle/deutschkurse/deutschtrainer/wortschatz/Deutschtrainer-Stehlampe.mp3
63 Na sala;der Teppich, die Teppiche;o tapete;https://radiodownloaddw-a.akamaihd.net/Events/dwelle/deutschkurse/deutschtrainer/wortschatz/Deutschtrainer-Teppich-2.mp3
63 Na sala;die Vase, die Vasen;o vaso;https://radiodownloaddw-a.akamaihd.net/Events/dwelle/deutschkurse/deutschtrainer/wortschatz/Deutschtrainer-Vase.mp3
63 Na sala;das Bild, die Bilder;o quadro;https://radiodownloaddw-a.akamaihd.net/Events/dwelle/deutschkurse/deutschtrainer/wortschatz/Deutschtrainer-Bild.mp3
63 Na sala;Ich hänge das Bild auf.;Eu penduro o quadro.;https://radiodownloaddw-a.akamaihd.net/Events/dwelle/deutschkurse/deutschtrainer/wortschatz/Deutschtrainer-Ich-haenge-das-Bild-auf.mp3
63 Na sala;der Fernseher, die Fernseher;o televisor;https://radiodownloaddw-a.akamaihd.net/Events/dwelle/deutschkurse/deutschtrainer/wortschatz/Deutschtrainer-Fernseher-2.mp3
63 Na sala;Machst du den Fernseher an?;Você pode ligar a televisão?;https://radiodownloaddw-a.akamaihd.net/Events/dwelle/deutschkurse/deutschtrainer/wortschatz/Deutschtrainer-Machst-du-den-Fernseher-an.mp3
63 Na sala;der DVD-Player, die DVD-Player;o aparelho de DVD;https://radiodownloaddw-a.akamaihd.net/Events/dwelle/deutschkurse/deutschtrainer/wortschatz/Deutschtrainer-DVD-Player.mp3
63 Na sala;Wo ist die Fernbedienung?;Onde está o controle remoto?;https://radiodownloaddw-a.akamaihd.net/Events/dwelle/deutschkurse/deutschtrainer/wortschatz/Deutschtrainer-Wo-ist-die-Fernbedienung.mp364 No quarto de dormir;Das ist das Schlafzimmer.;Este é o quarto.;https://radiodownloaddw-a.akamaihd.net/Events/dwelle/deutschkurse/deutschtrainer/wortschatz/Deutschtrainer-Das-ist-das-Schlafzimmer.mp3
64 No quarto de dormir;das Bett, die Betten;a cama;https://radiodownloaddw-a.akamaihd.net/Events/dwelle/deutschkurse/deutschtrainer/wortschatz/Deutschtrainer-Bett-2.mp3
64 No quarto de dormir;das Doppelbett, die Doppelbetten;a cama de casal;https://radiodownloaddw-a.akamaihd.net/Events/dwelle/deutschkurse/deutschtrainer/wortschatz/Deutschtrainer-Doppelbett.mp3
64 No quarto de dormir;Wir schlafen in einem Doppelbett.;Nós dormimos numa cama de casal.;https://radiodownloaddw-a.akamaihd.net/Events/dwelle/deutschkurse/deutschtrainer/wortschatz/Deutschtrainer-Wir-schlafen-in-einem-Doppelbett.mp3
64 No quarto de dormir;das Bettlaken, die Bettlaken;o lençol;https://radiodownloaddw-a.akamaihd.net/Events/dwelle/deutschkurse/deutschtrainer/wortschatz/Deutschtrainer-Bettlaken.mp3
64 No quarto de dormir;die Bettdecke, die Bettdecken;o cobertor/o edredão;https://radiodownloaddw-a.akamaihd.net/Events/dwelle/deutschkurse/deutschtrainer/wortschatz/Deutschtrainer-Bettdecke.mp3
64 No quarto de dormir;das Kopfkissen, die Kopfkissen;o travesseiro;https://radiodownloaddw-a.akamaihd.net/Events/dwelle/deutschkurse/deutschtrainer/wortschatz/Deutschtrainer-Kopfkissen.mp3
64 No quarto de dormir;die Matratze, die Matratzen;o colchão;https://radiodownloaddw-a.akamaihd.net/Events/dwelle/deutschkurse/deutschtrainer/wortschatz/Deutschtrainer-Matratze.mp3
64 No quarto de dormir;Die Matratze ist hart.;O colchão é duro.;https://radiodownloaddw-a.akamaihd.net/Events/dwelle/deutschkurse/deutschtrainer/wortschatz/Deutschtrainer-Die-Matratze-ist-hart.mp3
64 No quarto de dormir;der Nachttisch, die Nachttische;a mesinha de cabeceira;https://radiodownloaddw-a.akamaihd.net/Events/dwelle/deutschkurse/deutschtrainer/wortschatz/Deutschtrainer-Nachttisch.mp3
64 No quarto de dormir;die Nachttischlampe, die Nachttischlampen;o abajur;https://radiodownloaddw-a.akamaihd.net/Events/dwelle/deutschkurse/deutschtrainer/wortschatz/Deutschtrainer-Nachttischlampe.mp3
64 No quarto de dormir;der Kleiderschrank, die Kleiderschränke;o armário;https://radiodownloaddw-a.akamaihd.net/Events/dwelle/deutschkurse/deutschtrainer/wortschatz/Deutschtrainer-Kleiderschrank.mp3
64 No quarto de dormir;die Kommode, die Kommoden;a cômoda;https://radiodownloaddw-a.akamaihd.net/Events/dwelle/deutschkurse/deutschtrainer/wortschatz/Deutschtrainer-Kommode.mp3
64 No quarto de dormir;die Jalousie, die Jalousien;a persiana;https://radiodownloaddw-a.akamaihd.net/Events/dwelle/deutschkurse/deutschtrainer/wortschatz/Deutschtrainer-Jalousien.mp365 No banheiro;Das ist das Badezimmer.;Este é o banheiro.;https://radiodownloaddw-a.akamaihd.net/Events/dwelle/deutschkurse/deutschtrainer/wortschatz/Deutschtrainer-Das-ist-das-Badezimmer.mp3
65 No banheiro;das Waschbecken, die Waschbecken;a pia;https://radiodownloaddw-a.akamaihd.net/Events/dwelle/deutschkurse/deutschtrainer/wortschatz/Deutschtrainer-Waschbecken.mp3
65 No banheiro;der Spiegel, die Spiegel;o espelho;https://radiodownloaddw-a.akamaihd.net/Events/dwelle/deutschkurse/deutschtrainer/wortschatz/Deutschtrainer-Spiegel.mp3
65 No banheiro;die Seife, die Seifen;o sabonete;https://radiodownloaddw-a.akamaihd.net/Events/dwelle/deutschkurse/deutschtrainer/wortschatz/Deutschtrainer-Seife.mp3
65 No banheiro;die Bürste, die Bürsten;a escova;https://radiodownloaddw-a.akamaihd.net/Events/dwelle/deutschkurse/deutschtrainer/wortschatz/Deutschtrainer-Buerste.mp3
65 No banheiro;die Zahnbürste, die Zahnbürsten;a escova de dentes;https://radiodownloaddw-a.akamaihd.net/Events/dwelle/deutschkurse/deutschtrainer/wortschatz/Deutschtrainer-Zahnbuerste.mp3
65 No banheiro;die Zahnpasta, die Zahnpasten;a pasta de dente;https://radiodownloaddw-a.akamaihd.net/Events/dwelle/deutschkurse/deutschtrainer/wortschatz/Deutschtrainer-Zahnpasta.mp3
65 No banheiro;die Dusche, die Duschen;o chuveiro;https://radiodownloaddw-a.akamaihd.net/Events/dwelle/deutschkurse/deutschtrainer/wortschatz/Deutschtrainer-Dusche.mp3
65 No banheiro;Ich gehe duschen.;Eu vou tomar banho.;https://radiodownloaddw-a.akamaihd.net/Events/dwelle/deutschkurse/deutschtrainer/wortschatz/Deutschtrainer-Ich-gehe-duschen.mp3
65 No banheiro;die Badewanne, die Badewannen;a banheira;https://radiodownloaddw-a.akamaihd.net/Events/dwelle/deutschkurse/deutschtrainer/wortschatz/Deutschtrainer-Badewanne-Singular.mp3
65 No banheiro;das Shampoo, die Shampoos;o xampu;https://radiodownloaddw-a.akamaihd.net/Events/dwelle/deutschkurse/deutschtrainer/wortschatz/Deutschtrainer-Shampoo.mp3
65 No banheiro;das Duschgel, die Duschgels;o gel de banho;https://radiodownloaddw-a.akamaihd.net/Events/dwelle/deutschkurse/deutschtrainer/wortschatz/Deutschtrainer-Duschgel.mp3
65 No banheiro;das Handtuch, die Handtücher;a toalha ;https://radiodownloaddw-a.akamaihd.net/Events/dwelle/deutschkurse/deutschtrainer/wortschatz/Deutschtrainer-Handtuch.mp3
65 No banheiro;ein frisches Handtuch;uma toalha limpa;https://radiodownloaddw-a.akamaihd.net/Events/dwelle/deutschkurse/deutschtrainer/wortschatz/Deutschtrainer-ein-frisches-Handtuch.mp3
65 No banheiro;die Toilette, die Toiletten;o vaso sanitário;https://radiodownloaddw-a.akamaihd.net/Events/dwelle/deutschkurse/deutschtrainer/wortschatz/Deutschtrainer-Toilette.mp3
65 No banheiro;das Toilettenpapier;o papel higiênico;https://radiodownloaddw-a.akamaihd.net/Events/dwelle/deutschkurse/deutschtrainer/wortschatz/Deutschtrainer-Toilettenpapier-Singular.mp366 Maquiagem;das Make-up;a maquiagem;https://radiodownloaddw-a.akamaihd.net/Events/dwelle/deutschkurse/deutschtrainer/wortschatz/Deutschtrainer-das-Make-up.mp3
66 Maquiagem;Ich trage Make-up.;Eu uso maquiagem.;https://radiodownloaddw-a.akamaihd.net/Events/dwelle/deutschkurse/deutschtrainer/wortschatz/Deutschtrainer-Ich-trage-Make-up.mp3
66 Maquiagem;die Wimperntusche;o rímel;https://radiodownloaddw-a.akamaihd.net/Events/dwelle/deutschkurse/deutschtrainer/wortschatz/Deutschtrainer-Wimperntusche-Singular.mp3
66 Maquiagem;Ich schminke meine Augen.;Eu maqueio meus olhos.;https://radiodownloaddw-a.akamaihd.net/Events/dwelle/deutschkurse/deutschtrainer/wortschatz/Deutschtrainer-Ich-schminke-meine-Augen.mp3
66 Maquiagem;der Kajal;o cajal;https://radiodownloaddw-a.akamaihd.net/Events/dwelle/deutschkurse/deutschtrainer/wortschatz/Deutschtrainer-Kajal-Singular.mp3
66 Maquiagem;der Lippenstift, die Lippenstifte;o batom;https://radiodownloaddw-a.akamaihd.net/Events/dwelle/deutschkurse/deutschtrainer/wortschatz/Deutschtrainer-Lippenstift.mp3
66 Maquiagem;der Lidschatten;a sombra;https://radiodownloaddw-a.akamaihd.net/Events/dwelle/deutschkurse/deutschtrainer/wortschatz/Deutschtrainer-Lidschatten-Singular.mp3
66 Maquiagem;der Lidstrich;o delineador dos olhos;https://radiodownloaddw-a.akamaihd.net/Events/dwelle/deutschkurse/deutschtrainer/wortschatz/Deutschtrainer-Lidstrich-Singular.mp3
66 Maquiagem;der Eyeliner, die Eyeliner;o delineador;https://radiodownloaddw-a.akamaihd.net/Events/dwelle/deutschkurse/deutschtrainer/wortschatz/Deutschtrainer-Eyeliner.mp3
66 Maquiagem;das Rouge;o blush;https://radiodownloaddw-a.akamaihd.net/Events/dwelle/deutschkurse/deutschtrainer/wortschatz/Deutschtrainer-Rouge-Singular.mp3
66 Maquiagem;das Puder;o pó;https://radiodownloaddw-a.akamaihd.net/Events/dwelle/deutschkurse/deutschtrainer/wortschatz/Deutschtrainer-Puder-Singular.mp3
66 Maquiagem;der Nagellack;o esmalte;https://radiodownloaddw-a.akamaihd.net/Events/dwelle/deutschkurse/deutschtrainer/wortschatz/Deutschtrainer-Nagellack-Singular.mp3
66 Maquiagem;Ich lackiere meine Nägel.;Eu pinto as unhas.;https://radiodownloaddw-a.akamaihd.net/Events/dwelle/deutschkurse/deutschtrainer/wortschatz/Deutschtrainer-Ich-lackiere-meine-Naegel.mp367 No cabeleireiro;der Friseur, die Friseure;o cabeleireiro;https://radiodownloaddw-a.akamaihd.net/Events/dwelle/deutschkurse/deutschtrainer/wortschatz/Deutschtrainer-Friseur-2.mp3
67 No cabeleireiro;die Friseurin, die Friseurinnen;a cabeleireira;https://radiodownloaddw-a.akamaihd.net/Events/dwelle/deutschkurse/deutschtrainer/wortschatz/Deutschtrainer-Friseurin-2.mp3
67 No cabeleireiro;die Schere, die Scheren;a tesoura;https://radiodownloaddw-a.akamaihd.net/Events/dwelle/deutschkurse/deutschtrainer/wortschatz/Deutschtrainer-Schere.mp3
67 No cabeleireiro;der Kamm, die Kämme;o pente;https://radiodownloaddw-a.akamaihd.net/Events/dwelle/deutschkurse/deutschtrainer/wortschatz/Deutschtrainer-Kamm.mp3
67 No cabeleireiro;Einmal waschen und schneiden bitte.;Lavar e cortar, por favor.;https://radiodownloaddw-a.akamaihd.net/Events/dwelle/deutschkurse/deutschtrainer/wortschatz/Deutschtrainer-Einmal-waschen-und-schneiden-bitte.mp3
67 No cabeleireiro;Nur die Spitzen schneiden bitte.;Corte só as pontas, por favor.;https://radiodownloaddw-a.akamaihd.net/Events/dwelle/deutschkurse/deutschtrainer/wortschatz/Deutschtrainer-Nur-die-Spitzen-schneiden-bitte.mp3
67 No cabeleireiro;der Pony, die Ponys;a franja;https://radiodownloaddw-a.akamaihd.net/Events/dwelle/deutschkurse/deutschtrainer/wortschatz/Deutschtrainer-Pony-iSv-Haare.mp3
67 No cabeleireiro;die Frisur, die Frisuren;o penteado;https://radiodownloaddw-a.akamaihd.net/Events/dwelle/deutschkurse/deutschtrainer/wortschatz/Deutschtrainer-Frisur.mp3
67 No cabeleireiro;der Zopf, die Zöpfe;a trança;https://radiodownloaddw-a.akamaihd.net/Events/dwelle/deutschkurse/deutschtrainer/wortschatz/Deutschtrainer-Zopf.mp3
67 No cabeleireiro;Ich möchte eine neue Haarfarbe.;Eu gostaria de uma nova cor de cabelo.;https://radiodownloaddw-a.akamaihd.net/Events/dwelle/deutschkurse/deutschtrainer/wortschatz/Deutschtrainer-Ich-moechte-eine-neue-Haarfarbe.mp3
67 No cabeleireiro;Ich möchte gerne Strähnchen haben.;Eu gostaria de fazer luzes.;https://radiodownloaddw-a.akamaihd.net/Events/dwelle/deutschkurse/deutschtrainer/wortschatz/Deutschtrainer-Ich-moechte-gerne-Straehnchen-haben.mp3
67 No cabeleireiro;der Föhn, die Föhne;o secador de cabelos;https://radiodownloaddw-a.akamaihd.net/Events/dwelle/deutschkurse/deutschtrainer/wortschatz/Deutschtrainer-Foehn.mp3
67 No cabeleireiro;das Haarspray, die Haarsprays;o fixador;https://radiodownloaddw-a.akamaihd.net/Events/dwelle/deutschkurse/deutschtrainer/wortschatz/Deutschtrainer-Haarspray.mp368 Aparência;Er ist groß.;Ele é alto.;https://radiodownloaddw-a.akamaihd.net/Events/dwelle/deutschkurse/deutschtrainer/wortschatz/Deutschtrainer-Er-ist-gross.mp3
68 Aparência;Sie ist klein.;Ela é baixa.;https://radiodownloaddw-a.akamaihd.net/Events/dwelle/deutschkurse/deutschtrainer/wortschatz/Deutschtrainer-Sie-ist-klein.mp3
68 Aparência;Er ist dick.;Ele é gordo.;https://radiodownloaddw-a.akamaihd.net/Events/dwelle/deutschkurse/deutschtrainer/wortschatz/Deutschtrainer-Er-ist-dick.mp3
68 Aparência;Er ist dünn.;Ele é magro.;https://radiodownloaddw-a.akamaihd.net/Events/dwelle/deutschkurse/deutschtrainer/wortschatz/Deutschtrainer-Er-ist-duenn.mp3
68 Aparência;Er ist alt.;Ele é velho.;https://radiodownloaddw-a.akamaihd.net/Events/dwelle/deutschkurse/deutschtrainer/wortschatz/Deutschtrainer-Er-ist-alt.mp3
68 Aparência;Sie ist jung.;Ela é jovem.;https://radiodownloaddw-a.akamaihd.net/Events/dwelle/deutschkurse/deutschtrainer/wortschatz/Deutschtrainer-Sie-ist-jung.mp3
68 Aparência;Sie ist hübsch.;Ela é bonita.;https://radiodownloaddw-a.akamaihd.net/Events/dwelle/deutschkurse/deutschtrainer/wortschatz/Deutschtrainer-Sie-ist-huebsch.mp3
68 Aparência;Er hat kurze schwarze Haare.;Ele tem cabelos pretos e curtos.;https://radiodownloaddw-a.akamaihd.net/Events/dwelle/deutschkurse/deutschtrainer/wortschatz/Deutschtrainer-Er-hat-kurze-schwarze-Haare.mp3
68 Aparência;Sie hat braune Haare.;Ela tem cabelos castanhos.;https://radiodownloaddw-a.akamaihd.net/Events/dwelle/deutschkurse/deutschtrainer/wortschatz/Deutschtrainer-Sie-hat-braune-Haare.mp3
68 Aparência;Er ist blond.;Ele é louro.;https://radiodownloaddw-a.akamaihd.net/Events/dwelle/deutschkurse/deutschtrainer/wortschatz/Deutschtrainer-Er-ist-blond.mp3
68 Aparência;Sie hat grüne Augen.;Ela tem olhos verdes.;https://radiodownloaddw-a.akamaihd.net/Events/dwelle/deutschkurse/deutschtrainer/wortschatz/Deutschtrainer-Sie-hat-gruene-Augen.mp369 Ao telefone;das Telefon, die Telefone;o telefone;https://radiodownloaddw-a.akamaihd.net/Events/dwelle/deutschkurse/deutschtrainer/wortschatz/Deutschtrainer-Telefon.mp3
69 Ao telefone;Ich muss telefonieren.;Eu preciso telefonar.;https://radiodownloaddw-a.akamaihd.net/Events/dwelle/deutschkurse/deutschtrainer/wortschatz/Deutschtrainer-Ich-muss-telefonieren.mp3
69 Ao telefone;der Anruf, die Anrufe;a chamada;https://radiodownloaddw-a.akamaihd.net/Events/dwelle/deutschkurse/deutschtrainer/wortschatz/Deutschtrainer-Anruf.mp3
69 Ao telefone;die Durchwahl, die Durchwahlen;o ramal;https://radiodownloaddw-a.akamaihd.net/Events/dwelle/deutschkurse/deutschtrainer/wortschatz/Deutschtrainer-Durchwahl.mp3
69 Ao telefone;Wählen Sie bitte die Durchwahl 123.;Por favor, chame o ramal 123.;https://radiodownloaddw-a.akamaihd.net/Events/dwelle/deutschkurse/deutschtrainer/wortschatz/Deutschtrainer-Waehlen-Sie-bitte-die-Durchwahl-123.mp3
69 Ao telefone;Wie ist die Telefonnummer?;Qual é o número de telefone?;https://radiodownloaddw-a.akamaihd.net/Events/dwelle/deutschkurse/deutschtrainer/wortschatz/Deutschtrainer-Wie-ist-die-Telefonnummer.mp3
69 Ao telefone;Guten Tag, hier spricht Philipp Neumann.;Boa tarde, aqui quem fala é Philipp Neumann.;https://radiodownloaddw-a.akamaihd.net/Events/dwelle/deutschkurse/deutschtrainer/wortschatz/Deutschtrainer-Guten-Tag-hier-spricht-Philipp-Neumann.mp3
69 Ao telefone;Könnte ich bitte Frau Steller sprechen?;Eu poderia falar com a senhora Steller?;https://radiodownloaddw-a.akamaihd.net/Events/dwelle/deutschkurse/deutschtrainer/wortschatz/Deutschtrainer-Koennte-ich-bitte-Frau-Steller-sprechen.mp3
69 Ao telefone;Frau Steller ist leider nicht da.;A senhora Steller não está.;https://radiodownloaddw-a.akamaihd.net/Events/dwelle/deutschkurse/deutschtrainer/wortschatz/Deutschtrainer-Frau-Steller-ist-leider-nicht-da.mp3
69 Ao telefone;der Anrufbeantworter, die Anrufbeantworter;a secretária eletrônica;https://radiodownloaddw-a.akamaihd.net/Events/dwelle/deutschkurse/deutschtrainer/wortschatz/Deutschtrainer-Anrufbeantworter.mp3
69 Ao telefone;die Mailbox, die Mailboxen;a caixa postal;https://radiodownloaddw-a.akamaihd.net/Events/dwelle/deutschkurse/deutschtrainer/wortschatz/Deutschtrainer-Mailbox.mp3
69 Ao telefone;Hinterlassen Sie bitte eine Nachricht.;Por favor, deixe uma mensagem.;https://radiodownloaddw-a.akamaihd.net/Events/dwelle/deutschkurse/deutschtrainer/wortschatz/Deutschtrainer-Hinterlassen-Sie-bitte-eine-Nachricht.mp3
69 Ao telefone;Frau Steller ruft Sie zurück.;A senhora Steller retornará a chamada.;https://radiodownloaddw-a.akamaihd.net/Events/dwelle/deutschkurse/deutschtrainer/wortschatz/Deutschtrainer-Frau-Steller-ruft-Sie-zurueck.mp3
69 Ao telefone;Auf Wiederhören!;Até mais!/Até a próxima!;https://radiodownloaddw-a.akamaihd.net/Events/dwelle/deutschkurse/deutschtrainer/wortschatz/Deutschtrainer-Auf-Wiederhoeren.mp370 Soletrar;das Alphabet, die Alphabete;o alfabeto;https://radiodownloaddw-a.akamaihd.net/Events/dwelle/deutschkurse/deutschtrainer/wortschatz/Deutschtrainer-Alphabet.mp3
70 Soletrar;A, B, C;A, B, C;https://radiodownloaddw-a.akamaihd.net/Events/dwelle/deutschkurse/deutschtrainer/wortschatz/Deutschtrainer-A-B-C.mp3
70 Soletrar;D, E, F;D, E, F ;https://radiodownloaddw-a.akamaihd.net/Events/dwelle/deutschkurse/deutschtrainer/wortschatz/Deutschtrainer-D-E-F.mp3
70 Soletrar;G, H, I;G, H, I;https://radiodownloaddw-a.akamaihd.net/Events/dwelle/deutschkurse/deutschtrainer/wortschatz/Deutschtrainer-G-H-I.mp3
70 Soletrar;J, K, L;J, K, L;https://radiodownloaddw-a.akamaihd.net/Events/dwelle/deutschkurse/deutschtrainer/wortschatz/Deutschtrainer-J-K-L.mp3
70 Soletrar;M, N, O;M, N, O;https://radiodownloaddw-a.akamaihd.net/Events/dwelle/deutschkurse/deutschtrainer/wortschatz/Deutschtrainer-M-N-O.mp3
70 Soletrar;P, Q, R;P, Q, R;https://radiodownloaddw-a.akamaihd.net/Events/dwelle/deutschkurse/deutschtrainer/wortschatz/Deutschtrainer-P-Q-R.mp3
70 Soletrar;S, T, U;S, T, U;https://radiodownloaddw-a.akamaihd.net/Events/dwelle/deutschkurse/deutschtrainer/wortschatz/Deutschtrainer-S-T-U.mp3
70 Soletrar;V, W, X;V, W, X;https://radiodownloaddw-a.akamaihd.net/Events/dwelle/deutschkurse/deutschtrainer/wortschatz/Deutschtrainer-V-W-X.mp3
70 Soletrar;Y, Z;Y, Z;https://radiodownloaddw-a.akamaihd.net/Events/dwelle/deutschkurse/deutschtrainer/wortschatz/Deutschtrainer-Y-Z.mp3
70 Soletrar;ß;ß;https://radiodownloaddw-a.akamaihd.net/Events/dwelle/deutschkurse/deutschtrainer/wortschatz/Deutschtrainer-SZ.mp3
70 Soletrar;Ä, Ö, Ü;Ä, Ö, Ü;https://radiodownloaddw-a.akamaihd.net/Events/dwelle/deutschkurse/deutschtrainer/wortschatz/Deutschtrainer-AE-OE-UE.mp3
70 Soletrar;EI, AI;EI, AI;https://radiodownloaddw-a.akamaihd.net/Events/dwelle/deutschkurse/deutschtrainer/wortschatz/Deutschtrainer-EI-AI.mp3
70 Soletrar;AU, ÄU, EU;AU, ÄU, EU;https://radiodownloaddw-a.akamaihd.net/Events/dwelle/deutschkurse/deutschtrainer/wortschatz/Deutschtrainer-AU-AEU-EU.mp3
70 Soletrar;Wie schreibt man das?;Como se escreve?;https://radiodownloaddw-a.akamaihd.net/Events/dwelle/deutschkurse/deutschtrainer/wortschatz/Deutschtrainer-Wie-schreibt-man-das.mp3
70 Soletrar;Das schreibt man mit B.;Escreve-se com B.;https://radiodownloaddw-a.akamaihd.net/Events/dwelle/deutschkurse/deutschtrainer/wortschatz/Deutschtrainer-Das-schreibt-man-mit-B.mp3
70 Soletrar;B wie Berta.;B de Berta.;https://radiodownloaddw-a.akamaihd.net/Events/dwelle/deutschkurse/deutschtrainer/wortschatz/Deutschtrainer-B-wie-Berta.mp371 Escola I;die Schule, die Schulen;a escola;https://radiodownloaddw-a.akamaihd.net/Events/dwelle/deutschkurse/deutschtrainer/wortschatz/Deutschtrainer-Schule-2.mp3
71 Escola I;Sie geht zur Schule.;Ela vai à escola.;https://radiodownloaddw-a.akamaihd.net/Events/dwelle/deutschkurse/deutschtrainer/wortschatz/Deutschtrainer-Sie-geht-zur-Schule.mp3
71 Escola I;der Schüler, die Schüler;o aluno;https://radiodownloaddw-a.akamaihd.net/Events/dwelle/deutschkurse/deutschtrainer/wortschatz/Deutschtrainer-Schueler.mp3
71 Escola I;die Schülerin, die Schülerinnen;a aluna;https://radiodownloaddw-a.akamaihd.net/Events/dwelle/deutschkurse/deutschtrainer/wortschatz/Deutschtrainer-Schuelerin.mp3
71 Escola I;der Lehrer, die Lehrer;o professor;https://radiodownloaddw-a.akamaihd.net/Events/dwelle/deutschkurse/deutschtrainer/wortschatz/Deutschtrainer-Lehrer-3.mp3
71 Escola I;die Lehrerin, die Lehrerinnen;a professora;https://radiodownloaddw-a.akamaihd.net/Events/dwelle/deutschkurse/deutschtrainer/wortschatz/Deutschtrainer-Lehrerin-3.mp3
71 Escola I;der Unterricht;a aula;https://radiodownloaddw-a.akamaihd.net/Events/dwelle/deutschkurse/deutschtrainer/wortschatz/Deutschtrainer-Unterricht-Singular.mp3
71 Escola I;der Stundenplan, die Stundenpläne;o horário;https://radiodownloaddw-a.akamaihd.net/Events/dwelle/deutschkurse/deutschtrainer/wortschatz/Deutschtrainer-Stundenplan.mp3
71 Escola I;das Fach, die Fächer;a matéria/a disciplina;https://radiodownloaddw-a.akamaihd.net/Events/dwelle/deutschkurse/deutschtrainer/wortschatz/Deutschtrainer-Fach.mp3
71 Escola I;die Hausaufgabe, die Hausaufgaben;o dever de casa;https://radiodownloaddw-a.akamaihd.net/Events/dwelle/deutschkurse/deutschtrainer/wortschatz/Deutschtrainer-Hausaufgabe.mp3
71 Escola I;Sie muss einen Test schreiben.;Ela precisa fazer um teste.;https://radiodownloaddw-a.akamaihd.net/Events/dwelle/deutschkurse/deutschtrainer/wortschatz/Deutschtrainer-Sie-muss-einen-Test-schreiben.mp3
71 Escola I;die Note, die Noten;a nota;https://radiodownloaddw-a.akamaihd.net/Events/dwelle/deutschkurse/deutschtrainer/wortschatz/Deutschtrainer-Note.mp3
71 Escola I;Wow, er hat eine Eins bekommen!;Nossa, ele tirou a nota máxima.;https://radiodownloaddw-a.akamaihd.net/Events/dwelle/deutschkurse/deutschtrainer/wortschatz/Deutschtrainer-Wow-er-hat-eine-Eins-bekommen.mp3
71 Escola I;Oh, er hat eine Sechs bekommen!;Hum, ele tirou a pior nota.;https://radiodownloaddw-a.akamaihd.net/Events/dwelle/deutschkurse/deutschtrainer/wortschatz/Deutschtrainer-Oh-er-hat-eine-Sechs-bekommen.mp3
71 Escola I;das Zeugnis, die Zeugnisse;o boletim;https://radiodownloaddw-a.akamaihd.net/Events/dwelle/deutschkurse/deutschtrainer/wortschatz/Deutschtrainer-Zeugnis.mp3
71 Escola I;sitzen|bleiben;repetir o ano;https://radiodownloaddw-a.akamaihd.net/Events/dwelle/deutschkurse/deutschtrainer/wortschatz/Deutschtrainer-sitzenbleiben.mp3
71 Escola I;Er ist sitzengeblieben.;Ele não passou de ano.;https://radiodownloaddw-a.akamaihd.net/Events/dwelle/deutschkurse/deutschtrainer/wortschatz/Deutschtrainer-Er-ist-sitzengeblieben.mp3
71 Escola I;der Elternsprechtag, die Elternsprechtage;a reunião de pais;https://radiodownloaddw-a.akamaihd.net/Events/dwelle/deutschkurse/deutschtrainer/wortschatz/Deutschtrainer-Elternsprechtag.mp3
71 Escola I;die Schulferien;as férias escolares;https://radiodownloaddw-a.akamaihd.net/Events/dwelle/deutschkurse/deutschtrainer/wortschatz/Deutschtrainer-Schulferien-Plural.mp372 Escola II;das Klassenzimmer, die Klassenzimmer;a sala de aula;https://radiodownloaddw-a.akamaihd.net/Events/dwelle/deutschkurse/deutschtrainer/wortschatz/Deutschtrainer-Klassenzimmer.mp3
72 Escola II;Die Schüler sind im Klassenzimmer.;Os alunos estão na sala de aula.;https://radiodownloaddw-a.akamaihd.net/Events/dwelle/deutschkurse/deutschtrainer/wortschatz/Deutschtrainer-Die-Schueler-sind-im-Klassenzimmer.mp3
72 Escola II;die Tafel, die Tafeln;o quadro;https://radiodownloaddw-a.akamaihd.net/Events/dwelle/deutschkurse/deutschtrainer/wortschatz/Deutschtrainer-Tafel.mp3
72 Escola II;das Schulbuch, die Schulbücher;o livro;https://radiodownloaddw-a.akamaihd.net/Events/dwelle/deutschkurse/deutschtrainer/wortschatz/Deutschtrainer-Schulbuch.mp3
72 Escola II;das Heft, die Hefte;o caderno;https://radiodownloaddw-a.akamaihd.net/Events/dwelle/deutschkurse/deutschtrainer/wortschatz/Deutschtrainer-Heft.mp3
72 Escola II;der Füller, die Füller;a caneta-tinteiro;https://radiodownloaddw-a.akamaihd.net/Events/dwelle/deutschkurse/deutschtrainer/wortschatz/Deutschtrainer-Fueller.mp3
72 Escola II;der Bleistift, die Bleistifte;o lápis;https://radiodownloaddw-a.akamaihd.net/Events/dwelle/deutschkurse/deutschtrainer/wortschatz/Deutschtrainer-Bleistift.mp3
72 Escola II;der Spitzer, die Spitzer;o apontador;https://radiodownloaddw-a.akamaihd.net/Events/dwelle/deutschkurse/deutschtrainer/wortschatz/Deutschtrainer-Spitzer.mp3
72 Escola II;der Schulranzen, die Schulranzen;a mochila;https://radiodownloaddw-a.akamaihd.net/Events/dwelle/deutschkurse/deutschtrainer/wortschatz/Deutschtrainer-Schulranzen.mp3
72 Escola II;die Turnhalle, die Turnhallen;o ginásio de esportes;https://radiodownloaddw-a.akamaihd.net/Events/dwelle/deutschkurse/deutschtrainer/wortschatz/Deutschtrainer-Turnhalle.mp3
72 Escola II;der Schulhof, die Schulhöfe;o pátio da escola;https://radiodownloaddw-a.akamaihd.net/Events/dwelle/deutschkurse/deutschtrainer/wortschatz/Deutschtrainer-Schulhof.mp3
72 Escola II;Wir haben Pause.;Estamos no intervalo.;https://radiodownloaddw-a.akamaihd.net/Events/dwelle/deutschkurse/deutschtrainer/wortschatz/Deutschtrainer-Wir-haben-Pause.mp3
72 Escola II;Ich esse mein Pausenbrot.;Estou comendo a minha merenda.;https://radiodownloaddw-a.akamaihd.net/Events/dwelle/deutschkurse/deutschtrainer/wortschatz/Deutschtrainer-Ich-esse-mein-Pausenbrot.mp3
72 Escola II;das Sekretariat, die Sekretariate;a secretaria;https://radiodownloaddw-a.akamaihd.net/Events/dwelle/deutschkurse/deutschtrainer/wortschatz/Deutschtrainer-Sekretariat.mp373 Na Universidade I;die Universität, die Universitäten;a universidade;https://radiodownloaddw-a.akamaihd.net/Events/dwelle/deutschkurse/deutschtrainer/wortschatz/Deutschtrainer-Universitaet.mp3
73 Na Universidade I;der Student, die Studenten;o universitário;https://radiodownloaddw-a.akamaihd.net/Events/dwelle/deutschkurse/deutschtrainer/wortschatz/Deutschtrainer-Student.mp3
73 Na Universidade I;die Studentin, die Studentinnen;a universitária;https://radiodownloaddw-a.akamaihd.net/Events/dwelle/deutschkurse/deutschtrainer/wortschatz/Deutschtrainer-Studentin.mp3
73 Na Universidade I;die Studienberatung, die Studienberatungen;a orientação acadêmica;https://radiodownloaddw-a.akamaihd.net/Events/dwelle/deutschkurse/deutschtrainer/wortschatz/Deutschtrainer-Studienberatung.mp3
73 Na Universidade I;Ich bekomme BAföG.;Eu recebo financiamento estudantil.;https://radiodownloaddw-a.akamaihd.net/Events/dwelle/deutschkurse/deutschtrainer/wortschatz/Deutschtrainer-Ich-bekomme-BAfoeG.mp3
73 Na Universidade I;der Numerus clausus;a nota de corte;https://radiodownloaddw-a.akamaihd.net/Events/dwelle/deutschkurse/deutschtrainer/wortschatz/Deutschtrainer-Numerus-clausus.mp3
73 Na Universidade I;Ich möchte mich für Psychologie einschreiben.;Gostaria de me inscrever em Psicologia.;https://radiodownloaddw-a.akamaihd.net/Events/dwelle/deutschkurse/deutschtrainer/wortschatz/Deutschtrainer-Ich-moechte-mich-fuer-Psychologie-einschreiben.mp3
73 Na Universidade I;das Semester, die Semester;o semestre;https://radiodownloaddw-a.akamaihd.net/Events/dwelle/deutschkurse/deutschtrainer/wortschatz/Deutschtrainer-Semester.mp3
73 Na Universidade I;der Studentenausweis, die Studentenausweise;a carteira de estudante;https://radiodownloaddw-a.akamaihd.net/Events/dwelle/deutschkurse/deutschtrainer/wortschatz/Deutschtrainer-Studentenausweis.mp3
73 Na Universidade I;der Professor, die Professoren;o professor universitário;https://radiodownloaddw-a.akamaihd.net/Events/dwelle/deutschkurse/deutschtrainer/wortschatz/Deutschtrainer-Professor.mp3
73 Na Universidade I;die Professorin, die Professorinnen;a professora universitária;https://radiodownloaddw-a.akamaihd.net/Events/dwelle/deutschkurse/deutschtrainer/wortschatz/Deutschtrainer-Professorin.mp3
73 Na Universidade I;Sie hält eine Vorlesung.;Ela dá aula na universidade.;https://radiodownloaddw-a.akamaihd.net/Events/dwelle/deutschkurse/deutschtrainer/wortschatz/Deutschtrainer-Sie-haelt-eine-Vorlesung.mp3
73 Na Universidade I;der Hörsaal, die Hörsäle;o auditório;https://radiodownloaddw-a.akamaihd.net/Events/dwelle/deutschkurse/deutschtrainer/wortschatz/Deutschtrainer-Hoersaal.mp3
73 Na Universidade I;Ich besuche ein Seminar.;Eu assisto a um curso.;https://radiodownloaddw-a.akamaihd.net/Events/dwelle/deutschkurse/deutschtrainer/wortschatz/Deutschtrainer-Ich-besuche-ein-Seminar.mp3
73 Na Universidade I;der Creditpoint, die Creditpoints;o número de créditos;https://radiodownloaddw-a.akamaihd.net/Events/dwelle/deutschkurse/deutschtrainer/wortschatz/Deutschtrainer-Creditpoints.mp3
73 Na Universidade I;Für den Kurs bekomme ich zwei Creditpoints.;Eu recebo dois créditos por este curso.;https://radiodownloaddw-a.akamaihd.net/Events/dwelle/deutschkurse/deutschtrainer/wortschatz/Deutschtrainer-Fuer-den-Kurs-bekomme-ich-zwei-Creditpoints.mp3
73 Na Universidade I;Ich muss eine Hausarbeit schreiben.;Eu preciso escrever um trabalho.;https://radiodownloaddw-a.akamaihd.net/Events/dwelle/deutschkurse/deutschtrainer/wortschatz/Deutschtrainer-Ich-muss-eine-Hausarbeit-schreiben.mp3
73 Na Universidade I;Ich habe die Klausur bestanden.;Eu passei na prova.;https://radiodownloaddw-a.akamaihd.net/Events/dwelle/deutschkurse/deutschtrainer/wortschatz/Deutschtrainer-Ich-habe-die-Klausur-bestanden.mp374 Na universidade II;Ich studiere Germanistik.;Eu estudo Filologia Germânica.;https://radiodownloaddw-a.akamaihd.net/Events/dwelle/deutschkurse/deutschtrainer/wortschatz/Deutschtrainer-Ich-studiere-Germanistik.mp3
74 Na universidade II;Ich bin im ersten Semester.;Eu estou no primeiro semestre.;https://radiodownloaddw-a.akamaihd.net/Events/dwelle/deutschkurse/deutschtrainer/wortschatz/Deutschtrainer-Ich-bin-im-ersten-Semester.mp3
74 Na universidade II;Ich studiere auf Lehramt.;Eu estou estudando para ser professor(a).;https://radiodownloaddw-a.akamaihd.net/Events/dwelle/deutschkurse/deutschtrainer/wortschatz/Deutschtrainer-Ich-studiere-auf-Lehramt.mp3
74 Na universidade II;Ich schreibe meine Bachelorarbeit.;Eu estou escrevendo meu trabalho de conclusão de curso.;https://radiodownloaddw-a.akamaihd.net/Events/dwelle/deutschkurse/deutschtrainer/wortschatz/Deutschtrainer-Ich-schreibe-meine-Bachelorarbeit.mp3
74 Na universidade II;Ich habe einen Bachelor in Geschichte.;Eu sou formado em História.;https://radiodownloaddw-a.akamaihd.net/Events/dwelle/deutschkurse/deutschtrainer/wortschatz/Deutschtrainer-Ich-habe-einen-Bachelor-in-Geschichte.mp3
74 Na universidade II;Ich schreibe meine Masterarbeit.;Eu estou escrevendo minha dissertação de mestrado.;https://radiodownloaddw-a.akamaihd.net/Events/dwelle/deutschkurse/deutschtrainer/wortschatz/Deutschtrainer-Ich-schreibe-meine-Masterarbeit.mp3
74 Na universidade II;Ich habe einen Master in Mathematik.;Eu tenho um mestrado em Matemática.;https://radiodownloaddw-a.akamaihd.net/Events/dwelle/deutschkurse/deutschtrainer/wortschatz/Deutschtrainer-Ich-habe-einen-Master-in-Mathematik.mp3
74 Na universidade II;Ich habe mein Maschinenbau-Studium abgebrochen.;Eu interrompi meu curso de Engenharia Mecânica.;https://radiodownloaddw-a.akamaihd.net/Events/dwelle/deutschkurse/deutschtrainer/wortschatz/Deutschtrainer-Ich-habe-mein-Maschinenbau-Studium-abgebrochen.mp3
74 Na universidade II;Ich habe mein Jura-Studium abgeschlossen.;Eu terminei a faculdade de Direito.;https://radiodownloaddw-a.akamaihd.net/Events/dwelle/deutschkurse/deutschtrainer/wortschatz/Deutschtrainer-Ich-habe-mein-Jura-Studium-abgeschlossen.mp3
74 Na universidade II;Ich schreibe meine Doktorarbeit.;Eu estou escrevendo minha tese de doutorado.;https://radiodownloaddw-a.akamaihd.net/Events/dwelle/deutschkurse/deutschtrainer/wortschatz/Deutschtrainer-Ich-schreibe-meine-Doktorarbeit.mp3
74 Na universidade II;Ich mache meinen Doktor in Physik.;Eu estou fazendo doutorado em Física.;https://radiodownloaddw-a.akamaihd.net/Events/dwelle/deutschkurse/deutschtrainer/wortschatz/Deutschtrainer-Ich-mache-meinen-Doktor-in-Physik.mp3
74 Na universidade II;Ich habe einen Doktortitel in Medizin.;Eu tenho um título de doutor em Medicina.;https://radiodownloaddw-a.akamaihd.net/Events/dwelle/deutschkurse/deutschtrainer/wortschatz/Deutschtrainer-Ich-habe-einen-Doktortitel-in-Medizin.mp375 Candidatar-se;die Bewerbung, die Bewerbungen;a candidatura;https://radiodownloaddw-a.akamaihd.net/Events/dwelle/deutschkurse/deutschtrainer/wortschatz/Deutschtrainer-Bewerbung.mp3
75 Candidatar-se;Ich habe mich auf die Stelle beworben.;Eu me candidatei à vaga/ao cargo.;https://radiodownloaddw-a.akamaihd.net/Events/dwelle/deutschkurse/deutschtrainer/wortschatz/Deutschtrainer-Ich-habe-mich-auf-die-Stelle-beworben.mp3
75 Candidatar-se;das Anschreiben, die Anschreiben;a carta de candidatura;https://radiodownloaddw-a.akamaihd.net/Events/dwelle/deutschkurse/deutschtrainer/wortschatz/Deutschtrainer-Anschreiben-das.mp3
75 Candidatar-se;der Lebenslauf, die Lebensläufe;o currículo;https://radiodownloaddw-a.akamaihd.net/Events/dwelle/deutschkurse/deutschtrainer/wortschatz/Deutschtrainer-Lebenslauf.mp3
75 Candidatar-se;das Bewerbungsfoto, die Bewerbungsfotos;a foto para currículo;https://radiodownloaddw-a.akamaihd.net/Events/dwelle/deutschkurse/deutschtrainer/wortschatz/Deutschtrainer-Bewerbungsfoto.mp3
75 Candidatar-se;das Arbeitszeugnis, die Arbeitszeugnisse;a carta de referência profissional;https://radiodownloaddw-a.akamaihd.net/Events/dwelle/deutschkurse/deutschtrainer/wortschatz/Deutschtrainer-Arbeitszeugnis.mp3
75 Candidatar-se;das Sprachzertifikat, die Sprachzertifikate;o certificado de proficiência da língua;https://radiodownloaddw-a.akamaihd.net/Events/dwelle/deutschkurse/deutschtrainer/wortschatz/Deutschtrainer-Sprachzertifikat.mp3
75 Candidatar-se;die Stellenanzeige, die Stellenanzeigen;o anúncio de emprego;https://radiodownloaddw-a.akamaihd.net/Events/dwelle/deutschkurse/deutschtrainer/wortschatz/Deutschtrainer-Stellenanzeige.mp3
75 Candidatar-se;das Vorstellungsgespräch, die Vorstellungsgespräche;a entrevista de emprego;https://radiodownloaddw-a.akamaihd.net/Events/dwelle/deutschkurse/deutschtrainer/wortschatz/Deutschtrainer-Vorstellungsgespraech.mp3
75 Candidatar-se;die Absage, die Absagen;a resposta negativa;https://radiodownloaddw-a.akamaihd.net/Events/dwelle/deutschkurse/deutschtrainer/wortschatz/Deutschtrainer-Absage.mp3
75 Candidatar-se;Ich habe eine Absage bekommen.;Eu recebi uma resposta negativa.;https://radiodownloaddw-a.akamaihd.net/Events/dwelle/deutschkurse/deutschtrainer/wortschatz/Deutschtrainer-Ich-habe-eine-Absage-bekommen.mp3
75 Candidatar-se;die Zusage, die Zusagen;a resposta positiva;https://radiodownloaddw-a.akamaihd.net/Events/dwelle/deutschkurse/deutschtrainer/wortschatz/Deutschtrainer-Zusage.mp3
75 Candidatar-se;Ich habe den Job!;Eu consegui o emprego!;https://radiodownloaddw-a.akamaihd.net/Events/dwelle/deutschkurse/deutschtrainer/wortschatz/Deutschtrainer-Ich-habe-den-Job.mp3
75 Candidatar-se;das Praktikum, die Praktika;o estágio;https://radiodownloaddw-a.akamaihd.net/Events/dwelle/deutschkurse/deutschtrainer/wortschatz/Deutschtrainer-Praktikum.mp3
75 Candidatar-se;die Personalabteilung, die Personalabteilungen;o departamento de recursos humanos;https://radiodownloaddw-a.akamaihd.net/Events/dwelle/deutschkurse/deutschtrainer/wortschatz/Deutschtrainer-Personalabteilung.mp3
75 Candidatar-se;Ich unterschreibe den Arbeitsvertrag.;Eu vou assinar o contrato de trabalho.;https://radiodownloaddw-a.akamaihd.net/Events/dwelle/deutschkurse/deutschtrainer/wortschatz/Deutschtrainer-Ich-unterschreibe-den-Arbeitsvertrag.mp3